loan_id,original_funded_amount,collection_case_days,borrower_age,loan_status,state,percent_paid
LOAN_00001,17483.570765056164,10.49903405405231,31.907909229501364,Active,TX,94.83695527889189
LOAN_00002,14308.678494144076,8.31346451855227,,Active,CA,9.132573433355706
LOAN_00003,18238.442690503463,35.35352344112391,38.1917451041918,Closed,FL,16.144768603292103
LOAN_00004,22615.149282040125,41.77384818534799,48.40450446023144,Active,TX,96.07463027713554
LOAN_00005,13829.23312638332,5.962872402080963,,Active,TX,53.75401436403463
LOAN_00006,13829.315215254097,87.56582163346727,36.150260791474174,Closed,CA,1.4196634471723701
LOAN_00007,22896.064077536957,6.601114570370241,33.398672044333594,Active,NY,25.763199876352914
LOAN_00008,18837.173645764546,28.38052664286866,41.713400764504655,Active,TX,44.99436742688596
LOAN_00009,12652.62807032524,42.03920012183717,37.131966282376894,Closed,NY,69.29089110247676
LOAN_00010,17712.800217929824,66.43110657364284,27.48030668261181,Active,NY,73.31603781367996
LOAN_00011,12682.911535937688,42.562024186160784,31.809460643333818,Active,IL,99.54215129254561
LOAN_00012,12671.351232148716,53.54347617790178,27.039741431965112,Active,CA,28.7511199383759
LOAN_00013,16209.81135783017,17.440482474393008,45.76007138598598,Active,NY,53.82201018684752
LOAN_00014,5433.598776711011,55.5936370804377,35.21311648671942,Active,CA,53.332354785960504
LOAN_00015,6375.410837434836,7.50519349274488,54.01190685753008,Closed,IL,40.56452594472375
LOAN_00016,12188.562353795136,72.56150956355648,34.39339186185379,Active,CA,16.91618938424202
LOAN_00017,9935.844398327881,28.795150486367884,,Active,TX,97.74565631838425
LOAN_00018,16571.23666297637,55.99692828996556,19.86285607387173,Active,NY,85.3317186666586
LOAN_00019,10459.879622393946,23.061829158051392,16.96860323744055,Active,CA,49.83330282942372
LOAN_00020,7938.481493323543,35.949170051602664,19.158640569945103,Closed,FL,60.32454226840298
LOAN_00021,22328.243844607772,27.421934418763087,,Active,CA,22.72610535596623
LOAN_00022,13871.118497567322,44.45713504960762,40.08725023229934,Active,NY,54.37870703917469
LOAN_00023,15337.641023439619,7.554646996668685,19.188092979678665,Active,IL,69.49701331214759
LOAN_00024,7876.259068932716,6.867500939570452,43.950383140761154,Active,IL,
LOAN_00025,12278.086377374086,13.514814726197491,30.169389483165606,Active,NY,99.02851705849413
LOAN_00026,15554.612948549331,10.214344595454502,36.467930119855495,Closed,TX,
LOAN_00027,9245.032112888486,66.62106671007194,,Active,TX,37.09737125921691
LOAN_00028,16878.49009172836,12.423624745416618,43.96839315865532,Active,IL,77.21520276158381
LOAN_00029,11996.806550405974,116.7230842830228,32.314693520941674,Active,IL,17.046251158164203
LOAN_00030,13541.531251033615,17.32469372994288,26.088077745847126,Closed,NY,38.451581370626656
LOAN_00031,11991.466938853016,11.031113119365585,13.48184598670695,Active,TX,34.69589503775858
LOAN_00032,24261.39092254469,51.77639292783042,27.808466807575797,Closed,IL,43.180709510777724
LOAN_00033,14932.51387631033,37.25048616024556,32.88869761172305,Closed,TX,78.17798259287262
LOAN_00034,9711.445355220498,25.68635326170301,25.12820472848816,Closed,IL,
LOAN_00035,19112.724560515944,29.31494897346862,33.68743032907695,Active,CA,
LOAN_00036,8895.781750144888,43.10356819186899,35.768518829587684,Active,FL,
LOAN_00037,16044.317975023778,12.780798370601202,32.751440181919214,Closed,CA,34.206943465755536
LOAN_00038,5201.649380601122,173.25893696143115,28.499974191765403,Default,IL,80.99787436834724
LOAN_00039,8359.069755507848,115.41919933670285,36.68654671966728,Closed,FL,23.828967055309157
LOAN_00040,15984.306179345618,36.522592703976706,,Active,FL,
LOAN_00041,18692.332899977053,11.6771533540668,24.09600922557154,Active,IL,50.45029240548358
LOAN_00042,15856.841405949852,39.20443385826106,49.1093237974627,Active,IL,26.084924596208893
LOAN_00043,14421.758588058798,7.248121155028798,34.014118677157384,Closed,TX,0.9087034951216322
LOAN_00044,13494.481522053557,5.933963495708585,35.188496229448475,Active,IL,64.82975272988016
LOAN_00045,7607.390048162863,13.939362594166896,42.08214423256557,Active,NY,51.1093821472398
LOAN_00046,11400.778958026456,23.63165905620317,37.332161312635016,Closed,IL,44.55178144931612
LOAN_00047,12696.806145201062,65.81059775572521,44.53136633913245,Active,NY,96.69685146183153
LOAN_00048,20285.611131094578,43.96708936453667,37.87124165201824,Closed,IL,57.11991839629137
LOAN_00049,16718.091447842307,45.72613714247966,28.87562625359562,Active,TX,86.34315777893845
LOAN_00050,6184.79922318633,21.627307382222416,,Active,NY,13.945023620516018
LOAN_00051,16620.419846973975,17.73645598068448,23.562737926793382,Active,CA,56.92064631294277
LOAN_00052,13074.588597918417,18.91056951641891,36.085597057765234,Closed,NY,86.7979626730903
LOAN_00053,11615.389998470208,136.82191674549512,34.66770009355539,Active,TX,58.3105757279898
LOAN_00054,18058.38144420434,6.22807226131786,32.918831427274604,Active,NY,71.80141781270015
LOAN_00055,20154.997612479754,65.52928975267216,,Default,IL,37.20435678122074
LOAN_00056,19656.40059558099,30.930552240579875,16.18150954502361,Active,IL,9.244951703706661
LOAN_00057,10803.912383886807,22.320472431039786,29.512750922590385,Active,TX,45.79002951270714
LOAN_00058,13453.938120743927,43.75764702466611,35.928449011411146,Active,FL,39.44793908388575
LOAN_00059,16656.31715701782,25.00502910797642,36.598563919974005,Active,IL,86.70601823789474
LOAN_00060,19877.725635611794,67.007190238033,24.72324859074042,Closed,CA,24.399530235247223
LOAN_00061,12604.12881077355,74.28885438861124,,Active,TX,96.6734227535108
LOAN_00062,14071.705116680914,21.430961040620744,26.338251517854992,Active,NY,95.81381198044961
LOAN_00063,9468.325129969859,14.723237212554258,44.69457200526737,Active,NY,24.76316430714387
LOAN_00064,9018.966879596646,31.92041365822728,,Closed,CA,34.80519554773205
LOAN_00065,19062.62911197099,78.03667818570797,28.537726901561967,Active,IL,89.55557408738851
LOAN_00066,21781.200142854115,12.096826968500736,52.75310892609512,Active,TX,
LOAN_00067,14639.949392098331,34.262643730987264,,Active,CA,44.3439102836044
LOAN_00068,20017.66448946012,34.9543400067663,44.191541736100014,Active,IL,32.099704564089784
LOAN_00069,16808.18012523817,44.627900453805665,,Active,TX,52.6094013251542
LOAN_00070,11774.401226974378,9.231968891079813,28.29379790923355,Active,NY,68.77692063657348
LOAN_00071,16806.97802754207,42.744947273813295,48.92465300064329,Closed,TX,27.34745153749798
LOAN_00072,22690.182832329847,76.91759618867735,32.49953485401047,Active,FL,73.64731746190728
LOAN_00073,14820.869804450242,10.941936823404337,37.88693629279857,Default,TX,5.165735711464103
LOAN_00074,22823.21827907003,13.136287750614859,37.603218387712204,Default,FL,4.929449276441645
LOAN_00075,1901.274479551279,111.62531116584535,33.65691258529452,Active,TX,
LOAN_00076,19109.51252187612,10.989291642654738,43.10808273159782,Active,FL,35.34731920607206
LOAN_00077,15435.235341190855,62.803693032699734,42.93488720552213,Active,NY,31.56332153671523
LOAN_00078,13504.963247670663,25.334628276606473,17.514680267618193,Closed,IL,49.101976266891
LOAN_00079,15458.803882677512,13.519909099831114,48.043402428781526,Active,FL,32.07335823115712
LOAN_00080,5062.155426995536,66.38018005234547,18.375080119643258,Active,FL,19.225791846809194
LOAN_00081,13901.64056081244,22.680119766798672,45.32546204341657,Active,NY,30.946954908860093
LOAN_00082,16785.562857558733,26.696896073033543,46.26705136827583,Closed,FL,97.4904272810235
LOAN_00083,22389.47022370758,18.352698775334236,24.09033569784802,Closed,CA,41.11134169948486
LOAN_00084,12408.648908631763,31.964640280552356,30.89185712045415,Active,NY,44.47127768583358
LOAN_00085,10957.531985534062,10.356718928528942,23.94295331514064,Closed,CA,57.654498995114004
LOAN_00086,12491.214782077317,19.882127190904207,32.850789697112646,Active,NY,98.33407684142266
LOAN_00087,19577.01058851037,109.61474125463431,,Active,FL,24.160127643576303
LOAN_00088,16643.75554829842,13.957576412720186,42.796605322693395,Closed,CA,68.12821105324338
LOAN_00089,12351.198981164805,37.077721535513085,48.10308746119608,Active,FL,71.59846935417241
LOAN_00090,17566.33716556678,16.79972613166781,48.95683810789956,Active,NY,60.73244167930659
LOAN_00091,15485.387746740202,49.54675072121495,29.37831973421698,Active,FL,8.857833963664408
LOAN_00092,19843.224952664445,9.208003388304103,32.90778126255472,Closed,CA,67.68722758275764
LOAN_00093,11489.734530613237,110.018313632732,18.165618077790498,Closed,CA,6.409471103617548
LOAN_00094,13361.68926701116,23.142527664942133,26.94129933503811,Closed,FL,59.61426495498969
LOAN_00095,13039.459234339212,13.077606304931606,,Closed,TX,73.95811772217426
LOAN_00096,7682.425259339407,7.290131676678112,51.15582823548232,Active,NY,21.096989061995043
LOAN_00097,16480.60138532288,10.581138203137819,22.65651128120078,Active,NY,84.1622007542774
LOAN_00098,16305.276360899446,27.004950362887445,,Active,FL,3.0353805533004263
LOAN_00099,15025.567283212304,17.329552394154998,34.73594243041073,Active,TX,84.3812863658306
LOAN_00100,13827.064333124265,57.962296523664726,,Active,CA,46.032905064276505
LOAN_00101,7923.146289747929,21.910315720567773,26.90396480078354,Default,IL,21.75879399316445
LOAN_00102,12896.773386173205,13.57907710927553,39.24061044464089,Active,IL,
LOAN_00103,13286.427417366152,33.80296749720404,30.261606529290837,Active,FL,95.33071675823726
LOAN_00104,10988.613653891905,41.804678208780345,34.855477291217206,Active,TX,7.266558758115671
LOAN_00105,14193.571441669954,10.483158430575404,40.462842480037,Active,TX,19.909341993592566
LOAN_00106,17020.254284072693,10.50395810392282,35.064222698109376,Default,NY,34.7822347433046
LOAN_00107,24430.92950605265,6.120821840284482,30.636141094734313,Active,CA,62.023484896112045
LOAN_00108,15872.889064159195,44.99990362369502,33.90390196074169,Active,TX,54.480108527609836
LOAN_00109,16287.751953613822,37.70187575441297,34.11637040794665,Closed,IL,12.564349241231398
LOAN_00110,14627.770421169163,24.309625089058784,31.299889701178724,Active,CA,28.972798373821462
LOAN_00111,5406.143923504793,60.7697747202845,32.41203937332897,Active,CA,23.875177108602408
LOAN_00112,14867.430622753916,54.14594963508054,50.986471705047165,Active,FL,21.354285449034137
LOAN_00113,15301.151049705131,31.40993040907765,40.60919447941239,Active,TX,41.1144336479987
LOAN_00114,27316.21056242643,65.81031879587007,32.045196819708394,Default,FL,70.40314525916568
LOAN_00115,14038.195176094387,11.914155511117206,41.969544045107355,Closed,TX,21.745293221723593
LOAN_00116,16507.73671166806,8.560790641708538,31.6618051024399,Active,NY,36.66788797029814
LOAN_00117,14826.441151473784,14.431034171843239,46.73124637586641,Closed,FL,39.09174268411623
LOAN_00118,9156.60981190234,6.763433201898881,38.69642192198094,Active,FL,97.64565294354102
LOAN_00119,20714.114072575103,27.725421285018317,33.92697855995771,Active,IL,
LOAN_00120,18759.66516343387,87.751436162059,39.477169258102776,Active,FL,80.01375827520759
LOAN_00121,18955.159735215235,6.204152492281467,,Active,TX,24.165892081918518
LOAN_00122,10453.062726026306,8.907016399493504,23.73232531090195,Active,IL,6.803731409166969
LOAN_00123,22013.971554680495,23.055297449057928,23.060749936009444,Closed,FL,31.690413772062477
LOAN_00124,7990.744686038595,86.48625961627984,36.429430947637066,Default,FL,26.679454943383085
LOAN_00125,17934.285469001352,16.40076833170361,52.32514999485092,Active,NY,50.59258001463939
LOAN_00126,25952.278129049893,26.231675113140355,57.31300146192632,Active,FL,77.7727910067793
LOAN_00127,10047.318374346558,6.273851990031551,41.380511014407574,Active,CA,85.8322938878858
LOAN_00128,12168.51135198614,9.817149540092569,40.00844474944457,Active,IL,84.48640854105085
LOAN_00129,15498.256825438206,134.44253253600135,16.98942265847261,Active,CA,35.967556122306775
LOAN_00130,12482.621729419005,105.67412923459727,29.57326200265978,Active,IL,68.72343434606829
LOAN_00131,7246.682844669336,5.148566689214828,,Closed,NY,31.283419752422002
LOAN_00132,15342.814874030137,95.97922396036446,28.79152401748884,Active,FL,6.090554323518271
LOAN_00133,9688.481431369477,35.57628840705503,33.318561814152105,Active,FL,
LOAN_00134,17367.962153175908,65.73003700929533,30.27909422302873,Active,FL,0.9827552569787845
LOAN_00135,10402.878828830984,23.194768072760283,,Active,IL,40.91825874584886
LOAN_00136,22749.672025087697,26.745082060933132,42.47910256117534,Active,FL,32.937926930207574
LOAN_00137,11083.733538318815,25.132564985265798,24.272569742601934,Closed,CA,69.33775385188524
LOAN_00138,13389.692418971623,37.9761571119675,37.39246864111149,Active,FL,76.62454727603789
LOAN_00139,19067.58608684835,9.512523626283716,55.740826697499735,Closed,NY,30.409463597128383
LOAN_00140,8845.678417830224,5.912959427599138,25.806154084135766,Active,CA,
LOAN_00141,16137.299673020647,16.042042640413428,9.697124772536704,Active,FL,29.391676050493377
LOAN_00142,21535.71377141214,41.590950426225184,32.139957781198895,Active,FL,44.63263599865612
LOAN_00143,6962.583827193862,11.76389163309831,,Closed,TX,72.7018527014134
LOAN_00144,15923.169292661521,38.57355227995937,54.583474542205934,Active,IL,69.29202292247886
LOAN_00145,16299.413971242118,110.10891170687628,22.70450405547583,Closed,CA,98.73684723122
LOAN_00146,18909.114358886553,7.9581918116536094,39.966992232365214,Active,TX,22.51610242159319
LOAN_00147,8815.246445609591,38.497372517136085,30.346895432199467,Closed,NY,66.23179135395823
LOAN_00148,8397.716934578619,22.596135192715206,33.94051645695864,Active,IL,60.96819082757774
LOAN_00149,17609.707828084487,65.78094866580548,61.44343347017035,Closed,CA,91.509845449003
LOAN_00150,16484.92336616593,10.849432971759313,19.970296716048466,Active,FL,15.636214164487505
LOAN_00151,16252.464251729383,40.39069629141061,37.537396614945735,Default,CA,75.1798163586933
LOAN_00152,16732.24104748488,59.62612584792937,39.676931717654334,Active,FL,56.826861626876834
LOAN_00153,11599.876392107546,91.80297162140819,45.857863249393475,Active,IL,
LOAN_00154,16161.268485805018,39.48908704953866,35.97983153470896,Active,FL,47.44349141471741
LOAN_00155,16465.362366493406,25.625378378346188,38.08050539504102,Closed,NY,
LOAN_00156,11428.24290986816,33.85804566652824,31.08351432578209,Active,FL,57.931340278846086
LOAN_00157,24328.872555723785,65.95498728103735,37.69126941245107,Closed,NY,88.90006108146659
LOAN_00158,17369.164604558937,30.361672762070175,31.568077245025897,Active,IL,56.9304984412202
LOAN_00159,9043.482513986757,5.925749532017156,41.21571889856051,Active,IL,63.17224183265841
LOAN_00160,18282.768043169148,85.1871652189752,31.30389663956366,Active,CA,51.874784711470944
LOAN_00161,10126.591648863392,40.08972608033451,38.77100393902187,Default,NY,5.116550644547591
LOAN_00162,18935.42301871226,38.85792631638467,34.707371863150215,Closed,NY,23.285855687609423
LOAN_00163,20792.97789503702,12.28795994054072,46.26050250772168,Default,TX,49.20017294320827
LOAN_00164,10896.588408241449,37.266109810042664,34.48606276411514,Active,TX,31.023528374470477
LOAN_00165,19816.88064622161,20.019546946875764,17.269675317931185,Closed,TX,18.176359776119423
LOAN_00166,17063.90463468249,36.600534070617094,47.619215007139914,Closed,FL,50.41328419184383
LOAN_00167,19110.30079997245,8.381392063480881,25.94267699137381,Active,TX,32.28097934478503
LOAN_00168,24483.964913269738,37.1747695539757,28.462336613511802,Closed,NY,25.810764317341473
LOAN_00169,13773.059419985648,228.25168729113216,29.043387059565077,Default,FL,46.39854174403808
LOAN_00170,11231.319178212552,6.482389966829021,48.74438093170817,Closed,IL,13.328425808217315
LOAN_00171,10552.427851872384,118.39589337686687,13.643257860213044,Closed,CA,92.77457330754073
LOAN_00172,10920.948575172808,20.67217047363792,66.37748533659993,Active,TX,86.7702097919239
LOAN_00173,14614.491452929478,66.3810038304726,,Active,IL,70.76205857405353
LOAN_00174,16705.759874083218,50.75090170802878,,Default,NY,10.621382758845622
LOAN_00175,16383.453996650096,30.111653177796573,34.451059993837134,Active,CA,77.5877254469693
LOAN_00176,19135.91624518012,45.233803575579756,37.85554074857657,Closed,IL,80.7957328109019
LOAN_00177,15065.009459389536,68.2390730287502,40.211224283793385,Closed,CA,76.77646177143377
LOAN_00178,22267.670385786583,20.53250235946108,41.45215585950057,Closed,TX,11.396588711924116
LOAN_00179,13676.71583381022,16.881776743730192,40.55604466003449,Default,NY,64.39079570677647
LOAN_00180,28600.845832948093,38.04188951516921,35.895806812552486,Active,CA,83.43247957493986
LOAN_00181,18128.33673882503,54.4837352891322,33.02661579692674,Active,IL,57.73534012196677
LOAN_00182,10714.212217918586,48.100501064615365,33.487267163464885,Active,TX,64.6407375228089
LOAN_00183,9645.537509694437,52.956964293433266,33.05091719647319,Active,TX,45.83634794263062
LOAN_00184,17412.362076215926,22.158874902256596,46.337700968670646,Active,IL,52.87073198840526
LOAN_00185,13882.686073370745,56.0851431915759,40.935567222808615,Active,IL,3.4376858351725215
LOAN_00186,18570.00247046046,8.842128879607143,5.596113653357197,Closed,CA,63.89630219732846
LOAN_00187,17366.188122867723,28.59006885032849,41.55900776529761,Default,FL,8.14472128911592
LOAN_00188,14635.855436715636,5.173259165487615,36.94736194718775,Active,TX,43.50145943402234
LOAN_00189,10766.031409657975,16.772875728295634,,Active,CA,29.265509766740784
LOAN_00190,7425.763876570677,18.693036878875585,,Default,IL,54.54279502117131
LOAN_00191,12767.425239664895,20.134011055660025,46.24112719986013,Active,CA,13.341633552320708
LOAN_00192,19281.99397161736,40.669295060934324,44.475264621228575,Active,IL,69.16434019733182
LOAN_00193,16070.46872065102,19.758060281342196,27.27122332176391,Active,NY,
LOAN_00194,8771.30610644006,22.863937566917855,39.07052287124535,Active,IL,16.33544497431565
LOAN_00195,15865.90462925591,13.136319461959337,25.283432654587138,Active,IL,10.431308735188216
LOAN_00196,16926.586898644186,19.01631201652029,21.203818352110694,Default,IL,14.551548278735915
LOAN_00197,10580.712818994336,12.734752925991465,28.73282775410035,Active,FL,87.71275618985017
LOAN_00198,15768.62552972764,7.280392647661617,43.62393472382759,Active,IL,52.81892617563562
LOAN_00199,15291.04359223,32.74848785955369,44.53125045376087,Active,TX,46.72609960075026
LOAN_00200,9285.148510846884,38.09784425213207,40.130854200972934,Active,TX,10.671181910235427
LOAN_00201,16788.936801741416,33.98731190445255,42.25095786847997,Closed,CA,64.95560067569618
LOAN_00202,17803.92263184117,23.680328450508423,40.16178287114958,Closed,FL,86.799959189509
LOAN_00203,20415.256215876383,19.330710343396998,28.585184047770476,Closed,CA,82.8185869323453
LOAN_00204,20269.010260174517,64.70638165684265,39.31922544673941,Active,TX,62.60547089808013
LOAN_00205,8111.653160214545,26.96174164404781,43.00409525227683,Default,TX,7.527871665167362
LOAN_00206,10310.874800424386,24.570631745457483,42.542913298135744,Closed,NY,11.239702717601297
LOAN_00207,17575.1763360433,5.779296618260434,46.88913371474643,Closed,IL,4.930898710982468
LOAN_00208,17568.929754561043,17.52223644232393,42.083038472010635,Active,TX,25.74792164924693
LOAN_00209,17575.23843153024,19.350540946964156,38.51448207541583,Active,CA,13.566146716037775
LOAN_00210,34263.657453273605,20.265965425939974,45.701502383164275,Active,CA,26.004804025243388
LOAN_00211,17854.452553465835,31.03733164595812,34.7347874075094,Closed,IL,38.50580557189617
LOAN_00212,20677.828200902994,27.881513130586065,26.18125348772282,Active,IL,94.29827840711357
LOAN_00213,19770.008817466012,33.08754074824459,33.36933036056236,Active,NY,61.03760597816921
LOAN_00214,18256.95625652899,48.43019386360643,27.55097355193551,Closed,FL,83.49737856829623
LOAN_00215,13423.653776798272,55.29711204455494,28.248217250256182,Closed,CA,71.03515007123322
LOAN_00216,18794.846102466337,42.988542314941725,33.55481329284482,Default,IL,11.250313052663174
LOAN_00217,11135.873927312141,98.38396175012616,27.075800790000386,Active,CA,73.59204063739489
LOAN_00218,13815.906966299955,5.552025337481001,31.920384703609596,Closed,IL,27.509888155912442
LOAN_00219,12573.182260854483,11.53639732137539,16.063853330462145,Active,TX,63.91078469947063
LOAN_00220,15409.370696931614,5.227748555942471,37.13293707372939,Active,CA,
LOAN_00221,26573.292833367545,36.27898779223255,35.012054753622245,Active,TX,99.76722632646592
LOAN_00222,5663.674037041259,73.4924603019943,,Active,CA,26.355147949677782
LOAN_00223,18431.300951872567,13.370880328333204,41.59245668432405,Active,FL,27.913047077426967
LOAN_00224,6936.420644051742,83.53307498671157,44.37570137626558,Closed,NY,93.06722555623983
LOAN_00225,12640.340671052832,6.864797058161619,18.92440135631026,Active,TX,2.464440463632267
LOAN_00226,20444.75298483683,86.74186769000355,27.372752214337858,Closed,IL,69.66889878731969
LOAN_00227,15321.400095477315,17.998474379196153,,Active,FL,72.53263907358782
LOAN_00228,9611.276110353469,8.208213841758106,25.600968988911355,Active,CA,83.63785774103994
LOAN_00229,11423.481453700158,24.958476466982347,43.294748419317486,Active,TX,97.44393106384753
LOAN_00230,18397.988744673377,13.902756892345156,33.06173861227197,Active,CA,97.56019191566524
LOAN_00231,11348.166841414317,15.05884977774986,32.35485158689389,Active,CA,6.527675756646389
LOAN_00232,16082.292947909875,16.014313614838358,14.961376355932465,Active,CA,82.18393227529025
LOAN_00233,15227.859199519069,53.7404905989627,41.35418030209226,Active,NY,64.63099336573814
LOAN_00234,11741.998261970915,28.24121414414781,22.607416051465275,Active,NY,64.73421343730912
LOAN_00235,25719.720446626627,16.18882087260358,35.599326302663286,Active,IL,12.83499266146948
LOAN_00236,18169.595111590057,33.27394282863537,37.773769379581914,Default,TX,
LOAN_00237,4874.287066711964,42.779351739443044,,Active,FL,98.24825806012478
LOAN_00238,15932.271573847138,14.549352266241382,21.911796008808878,Closed,FL,91.1818569539447
LOAN_00239,11691.06767615806,21.009990018773063,4.804878441791747,Closed,FL,43.91306608048505
LOAN_00240,19262.16667398112,8.899368785642016,36.83849544753695,Default,CA,3.994797328609434
LOAN_00241,11037.396307836498,10.99560703166416,53.005111815108535,Closed,NY,36.229349000020484
LOAN_00242,14426.317792665504,39.28801077878511,47.38946352939438,Active,TX,82.63903116005552
LOAN_00243,17524.936394902285,11.006196844509418,37.096594152746256,Closed,CA,
LOAN_00244,19328.775970850606,27.343534991963,30.083638143679526,Closed,NY,45.93436555939564
LOAN_00245,8998.517964721119,42.037729983190566,43.071225966373106,Active,NY,
LOAN_00246,13327.493820795258,8.390926505614113,25.264538002955312,Active,TX,
LOAN_00247,12625.27344419522,30.132166177044404,39.76357769356219,Active,TX,46.90249397178835
LOAN_00248,11733.35383713144,13.894128802774524,,Closed,TX,92.85555328941359
LOAN_00249,23827.271201405485,103.84588915423778,45.6020990749888,Closed,CA,
LOAN_00250,17024.908554804777,24.823051139804214,62.596600389110776,Active,IL,31.16529166546489
LOAN_00251,8695.580228324774,54.195761523060774,38.92415967178767,Active,TX,52.53182644507214
LOAN_00252,19589.30973527388,28.970337499808334,29.910363742925014,Active,IL,6.605530782216007
LOAN_00253,25610.780985063167,6.331491478395984,34.74425687808006,Active,CA,97.25682356497369
LOAN_00254,20162.326302755733,35.08417950723057,17.30924095110882,Default,IL,36.0059901930726
LOAN_00255,7403.150170229933,95.72601560374198,,Active,FL,
LOAN_00256,12578.829635668742,32.609852682614736,30.907175618868962,Active,IL,35.52839742369226
LOAN_00257,21334.555745933114,56.30906644123188,29.759116020654076,Active,TX,68.25117301162001
LOAN_00258,11461.652671906097,69.678395904621,,Closed,CA,66.2232158329593
LOAN_00259,17219.09714073114,12.766221975095007,,Active,TX,71.53223105291356
LOAN_00260,18873.170267146685,12.149422825404674,,Closed,FL,26.814322961192083
LOAN_00261,10365.347642109586,33.32381194128591,35.002070649181974,Active,TX,31.566848116406597
LOAN_00262,14702.373219690999,20.881322970007318,34.90699678861385,Active,TX,12.525123109620795
LOAN_00263,-1206.3367003453623,59.95144946506771,31.72105283487082,Active,TX,65.55099718461126
LOAN_00264,9878.06179332855,74.08449061138568,,Active,NY,3.979712733565255
LOAN_00265,13737.159243034199,18.081814352705443,43.25098264667635,Active,FL,59.768233552345905
LOAN_00266,8761.084090175753,13.109828438253292,26.328697842890996,Default,TX,86.96958848516338
LOAN_00267,23162.056519658177,50.49557887377346,28.418835109247432,Closed,TX,89.08321482896335
LOAN_00268,7849.293110196837,14.639483682024974,31.962739712233354,Default,TX,44.90377603699617
LOAN_00269,12799.77756651508,56.88286776557105,,Active,CA,45.930368821307376
LOAN_00270,15653.702886430458,21.535799022662307,26.807421402785025,Default,NY,7.696918300801736
LOAN_00271,22206.366445330576,38.03796509616111,30.237791264553408,Active,CA,67.07650254430358
LOAN_00272,7820.689244102803,8.012360518733773,43.74389180712728,Active,NY,
LOAN_00273,20815.818760774797,34.333762071961225,,Active,TX,24.465505460471306
LOAN_00274,15051.165305097935,23.03168413888355,36.93589911367545,Active,FL,42.13008816333647
LOAN_00275,10092.456744760246,31.500803121998146,43.50897962167972,Closed,IL,83.88393367652704
LOAN_00276,17310.517371316353,10.518197447694739,33.62628211600603,Active,IL,87.7120467662288
LOAN_00277,15995.29847786735,45.05363914245598,38.904648499288896,Active,TX,24.317998026422593
LOAN_00278,11998.915614206027,64.58882789635632,33.96778247067504,Closed,CA,55.057063454136426
LOAN_00279,15349.010424950095,12.328709800656181,37.653623493996285,Active,FL,19.249315063582706
LOAN_00280,13073.4320156912,8.01830633788403,,Active,NY,10.187876413955655
LOAN_00281,15567.58672625624,5.71767379794722,10.61182841723571,Active,TX,91.11205013919576
LOAN_00282,18310.653372605233,35.81428064148762,33.65720837813696,Closed,FL,82.05075042321091
LOAN_00283,22930.08408072676,33.025549199717545,49.227481360999406,Closed,FL,76.00349018031739
LOAN_00284,8810.922505865754,28.73586240150697,44.26215402241593,Active,NY,
LOAN_00285,25665.166873281334,12.916899888238664,44.653974845911705,Active,FL,84.37287927102575
LOAN_00286,5239.561002387491,19.873479951956156,47.36130721806218,Active,CA,43.804407590538375
LOAN_00287,14241.074524822083,32.07728142617966,35.88657590961437,Closed,CA,34.23951232958596
LOAN_00288,17941.58603242288,25.601051449757477,36.973157074055955,Active,CA,54.647636102537646
LOAN_00289,16404.959338675162,137.1539949014398,28.8234810456565,Active,FL,9.135324272355582
LOAN_00290,11886.50240089703,9.40074837845982,31.8392714397295,Active,CA,75.66465493523988
LOAN_00291,13959.388748213623,40.63752687261391,,Active,NY,58.24350768882959
LOAN_00292,12534.995326705835,20.54148802431198,47.038844371688164,Active,FL,18.659009687316754
LOAN_00293,12053.176215278942,21.768959769551472,33.60553724319001,Closed,IL,18.82321997690456
LOAN_00294,19248.010485105122,42.93268584257159,30.498107351485885,Active,FL,18.424865157267423
LOAN_00295,16785.077429825236,40.37217725959444,35.005279588565976,Active,NY,5.700238755193398
LOAN_00296,11535.45202369673,147.1816042359311,41.01206748929115,Closed,IL,58.77984493716848
LOAN_00297,19497.999377166256,9.122543724097493,20.56145183866458,Closed,FL,84.0348177588508
LOAN_00298,16536.497604383047,8.298117501219663,12.038190468627619,Active,CA,
LOAN_00299,19064.3105941948,43.65748297020627,29.494631505084165,Active,TX,4.900464497127355
LOAN_00300,18148.14420961806,30.910017514039414,22.792875740858413,Active,TX,57.27702766869458
LOAN_00301,10855.02494538964,14.612797773500784,29.91859802352689,Default,CA,81.94956853860523
LOAN_00302,12199.094799015153,7.482520620433924,33.52219681182528,Active,TX,
LOAN_00303,18736.46802561631,7.686526131917239,30.467515909769865,Default,TX,34.96143988077222
LOAN_00304,18051.851327167326,72.38355537396768,49.524675344707454,Closed,CA,
LOAN_00305,14895.492030179259,11.39087095579892,38.2674476460232,Active,CA,27.4212889124147
LOAN_00306,15586.63691654391,16.71898978842742,38.004743596108284,Active,FL,2.660836607768413
LOAN_00307,21388.324478942122,12.710954902868998,41.22207144043402,Active,FL,73.52285181015961
LOAN_00308,12042.14305582085,18.154977044312623,23.611668822192307,Active,CA,62.56499129414531
LOAN_00309,17735.48690585019,7.158540821948895,45.391117874202685,Active,NY,58.07559990556591
LOAN_00310,13989.03673783053,26.960369660766045,34.2423571346454,Closed,TX,74.16841289918231
LOAN_00311,13911.593983863899,7.100205391323241,41.70480617241213,Default,FL,67.52308375620375
LOAN_00312,20493.88425993595,53.33666126477756,24.281427669598443,Active,TX,20.588198817832115
LOAN_00313,19127.08174494015,12.98591923052618,19.462412339839357,Closed,IL,35.24810469433511
LOAN_00314,19067.548180003192,28.29664073445784,43.17889658025029,Active,CA,12.6110141678625
LOAN_00315,21527.394035771646,68.62768449469226,38.76409526097517,Active,NY,12.985701341788102
LOAN_00316,15105.019208163796,36.56996121230792,25.979484456424895,Active,IL,67.61957463565392
LOAN_00317,18409.76485647482,27.840068977241952,26.303369187253054,Closed,IL,85.86001069824982
LOAN_00318,13448.66621703272,16.76168127452438,46.254347844147695,Default,IL,
LOAN_00319,16620.83176244221,17.149043036715405,23.10588107132672,Closed,CA,
LOAN_00320,14349.284728161578,38.21327451709208,51.426729532559634,Active,FL,18.410132336095696
LOAN_00321,15484.979824963591,159.18490024121914,25.99379265352131,Active,CA,10.56503454489307
LOAN_00322,17975.78512718457,37.527011808956935,41.38391925608383,Active,FL,81.28509715367578
LOAN_00323,10908.896583832637,29.478665329039437,31.713815242510154,Active,IL,57.875647635999925
LOAN_00324,25461.9363784273,44.35236572578434,41.03187431082343,Closed,IL,61.82850210137198
LOAN_00325,9969.91309250149,23.776187839472268,29.558859978858074,Closed,NY,78.14620887547092
LOAN_00326,8929.056936061339,6.860805304496527,33.37207093927706,Closed,FL,70.32772277324516
LOAN_00327,20790.55436750034,29.78642780431883,35.40919175395721,Active,IL,83.44582528560966
LOAN_00328,18958.31346981468,99.83610281886006,24.978125442185274,Active,TX,5.621390545987848
LOAN_00329,18120.599085260776,10.782174888221107,42.408243454201255,Active,NY,74.75206367465049
LOAN_00330,18141.7275463214,40.13596275404774,29.867864335284146,Active,CA,85.08527573220954
LOAN_00331,14938.766135765427,11.729340312267738,32.714000846599816,Active,NY,28.613504245831432
LOAN_00332,10513.728142570842,28.024982780793394,25.056506253914876,Closed,TX,64.04472739932528
LOAN_00333,15379.022790968631,8.050234511070826,9.376663412046895,Closed,FL,31.416206383697208
LOAN_00334,11614.191442439442,22.95534973537642,33.08972237399831,Active,CA,95.7971066482454
LOAN_00335,19875.598667088758,47.3376997562737,59.12615421612916,Active,CA,3.3423572435503757
LOAN_00336,14264.713092489306,17.811612844563626,42.84604287898024,Active,FL,57.97928438329551
LOAN_00337,10872.514016037443,37.800838186282654,34.80739620265605,Active,NY,16.65035470495151
LOAN_00338,13393.070791735034,52.608279287490504,32.37109170791732,Closed,IL,71.22202051771586
LOAN_00339,17064.65727137812,83.59204078112627,,Active,NY,17.589028341866207
LOAN_00340,12181.377235980126,13.022350631466669,40.4711911517521,Active,TX,23.538326189835757
LOAN_00341,10888.898022167843,20.290583987436044,23.191871846911553,Active,IL,49.43708110457581
LOAN_00342,16218.436057459561,9.960960359672084,46.143216946688725,Closed,NY,91.4834949996878
LOAN_00343,16224.832855543615,151.71964886144164,42.15381315441244,Active,FL,21.171437214797084
LOAN_00344,12465.28412314435,83.51927291475717,42.18185725707934,Active,TX,14.424002111810353
LOAN_00345,12644.808471908385,28.29306796397368,39.38475738809727,Active,TX,75.89768318540307
LOAN_00346,16160.249686788182,60.36112976185915,35.1961665769399,Closed,TX,50.0619532333931
LOAN_00347,7759.578292513379,27.079008658948588,,Default,IL,91.17851123817714
LOAN_00348,7962.681128117224,34.31194545865192,40.91814133741378,Active,CA,
LOAN_00349,11407.77889373782,7.800469386290654,31.45959289058976,Closed,IL,64.59278930230393
LOAN_00350,13932.764241440764,47.22804305467216,29.26398227103099,Default,NY,23.287914615181503
LOAN_00351,16554.53782799002,9.099120056867214,36.01856295261987,Default,CA,15.67604286516393
LOAN_00352,22376.78108474776,57.47266204806018,,Closed,NY,68.34294151572705
LOAN_00353,19288.298116010097,50.70167201055995,22.60892924346099,Closed,CA,59.36846199087332
LOAN_00354,14200.307350182864,42.00665207280827,20.3247473424756,Active,IL,75.48274583623312
LOAN_00355,14904.918960486555,6.104911041546593,36.647608412365166,Closed,TX,30.946257644618235
LOAN_00356,9987.353176810957,15.834621201546504,35.50887701856018,Active,FL,44.79716563821899
LOAN_00357,14907.43432003805,14.159604175373824,36.73341664370408,Closed,TX,40.547167633041845
LOAN_00358,13556.706805399308,18.39500786058551,37.439531979085004,Active,IL,98.40894639665142
LOAN_00359,16613.592801690447,7.751709217171329,32.76797745365195,Closed,CA,29.22489567393879
LOAN_00360,10863.845282238384,87.91853902676222,49.898634386020824,Closed,TX,29.481723834676686
LOAN_00361,17596.732571205863,29.209790562895446,18.990960215234843,Active,IL,
LOAN_00362,22663.694565012887,15.937943658428065,26.715029752197538,Closed,NY,56.45940812903215
LOAN_00363,14456.199257715713,20.174222933197974,33.96745239850953,Active,FL,
LOAN_00364,17008.558610494707,22.782908067278907,,Closed,TX,91.52899403792739
LOAN_00365,18450.719958555565,32.533330106623765,33.241455955679285,Active,CA,26.56855648662635
LOAN_00366,12993.897640570818,26.75024756136319,51.61470165728018,Active,NY,89.58157315601947
LOAN_00367,16120.462409052085,80.5447113955294,35.20886488295962,Default,IL,
LOAN_00368,15062.962003908975,25.612775387623685,37.30700905718683,Active,FL,
LOAN_00369,15488.380492744158,150.44789796080707,22.398352348274198,Closed,CA,90.69855184382438
LOAN_00370,11134.951080722667,62.19995339984841,28.836385919605227,Active,IL,
LOAN_00371,15122.550871294714,12.015160515182956,31.24803619676063,Active,IL,96.8326960099255
LOAN_00372,17489.99145622725,85.03398381766563,31.82284903243766,Active,TX,45.28833604155117
LOAN_00373,22255.71803897521,8.711383385298289,47.81643795003769,Active,TX,94.57151084410245
LOAN_00374,19796.354130426036,56.02188722032177,,Active,CA,67.6820043630047
LOAN_00375,25765.91228755778,19.371248560012916,23.88542043062968,Active,IL,30.158686987355154
LOAN_00376,11163.262185559754,68.10571304729709,37.46504778432005,Active,TX,18.83025249171064
LOAN_00377,19361.60318360339,65.7614875746688,39.98221748496785,Active,FL,30.37350462250994
LOAN_00378,15916.71002869176,54.18537975072343,46.40149038521267,Default,FL,9.301740926267499
LOAN_00379,25949.014666088362,51.823780806927836,50.805406865683736,Default,IL,14.386796634332978
LOAN_00380,10958.508573224242,15.901456087753603,24.849058081721314,Active,TX,10.466044034648114
LOAN_00381,10801.39078909612,7.531439876022484,26.89142488789662,Closed,CA,42.29435437415577
LOAN_00382,12003.03677277989,20.47414894226899,22.42422141085384,Active,CA,79.55783762575864
LOAN_00383,4380.521378450965,10.717550700999727,32.659801408930186,Closed,CA,14.138355421634019
LOAN_00384,12371.224891596194,40.61849452932422,39.663583744463345,Closed,FL,13.032043317233589
LOAN_00385,11204.33669223151,17.744012786393192,44.87334516589102,Default,TX,64.34289495173307
LOAN_00386,15751.968932381038,116.40770906381249,34.24048976357477,Active,TX,19.71829819680663
LOAN_00387,16708.779878885798,35.73065343608373,31.80152476745156,Closed,FL,9.76100381089916
LOAN_00388,24380.854196079432,56.86025526229813,36.51757992248741,Active,CA,16.684857820557763
LOAN_00389,19752.11919093025,9.265046262996783,26.64857098369977,Default,CA,92.37313958767761
LOAN_00390,12115.481721687986,64.41819630009354,55.89538721694773,Active,IL,82.14712527761908
LOAN_00391,10507.92664325821,81.82404345848398,18.923389728819412,Closed,NY,35.40645623550941
LOAN_00392,17459.595857532528,25.02800421644748,36.847405788957246,Closed,TX,65.58207673273928
LOAN_00393,8398.833964896789,32.96139649474972,55.236062192296394,Closed,TX,53.72756736680381
LOAN_00394,24157.293829271766,48.42082202995513,35.067998445599976,Active,TX,67.7124263482564
LOAN_00395,20897.200603606434,10.765289253637379,33.099609649985055,Default,NY,68.26711524627594
LOAN_00396,12654.121739476475,25.948776446491834,31.425545771895727,Active,IL,62.8734015059993
LOAN_00397,6434.327354545612,20.257994470087034,33.19608318237592,Closed,NY,26.610136853730857
LOAN_00398,21769.361870827066,9.74786333135783,48.728484746765304,Active,CA,3.900642076281813
LOAN_00399,14427.30077373691,18.743884473701947,12.881380886704932,Active,CA,45.55667819901088
LOAN_00400,21189.081559867307,7.118220881123307,50.33433701296325,Active,TX,89.09738846907038
LOAN_00401,7027.861706028165,5.784526399064379,20.76042847549855,Active,FL,56.94972585185759
LOAN_00402,12003.124885231136,9.356540969856908,32.333476707655855,Active,TX,83.23910417019079
LOAN_00403,15026.218498590915,103.99860019931323,30.70755579701338,Active,FL,99.16243429612281
LOAN_00404,15234.90296882371,28.923882996743686,40.8855326977072,Active,NY,16.361620413827627
LOAN_00405,12749.672642603782,106.28533495652319,19.018756481162526,Closed,CA,69.17776391419824
LOAN_00406,18114.249661737493,21.995323730247495,39.62172666081943,Closed,FL,67.42935737000246
LOAN_00407,9661.897853087028,16.210976849921124,55.243096232868524,Active,NY,97.99554473582785
LOAN_00408,14288.102574893532,26.16520924331899,21.368259954071895,Active,CA,98.56007339528003
LOAN_00409,15601.478158559494,22.36840671879645,36.89706167610396,Active,FL,68.66786117241294
LOAN_00410,17572.194170293744,8.350235017951757,28.38017822203391,Active,TX,24.361479198219428
LOAN_00411,18558.07439044445,35.71847613192478,39.25887206193036,Closed,TX,79.85558381305991
LOAN_00412,9376.789540810654,12.30184885994992,35.19147777415752,Closed,TX,10.70291342110381
LOAN_00413,7329.429146321889,33.995008535172914,28.585130909556902,Active,NY,78.06993041716287
LOAN_00414,21388.384109492545,36.51190517973859,39.87872284871074,Active,TX,
LOAN_00415,16661.57005989796,9.947118546633392,53.04348109786743,Active,IL,38.28333947684352
LOAN_00416,11257.567317217232,6.899366268515942,33.09096208272701,Closed,CA,63.06352949830804
LOAN_00417,22755.759877612614,50.52786479671791,42.19757942148182,Default,NY,43.01427320968263
LOAN_00418,15578.373171464293,23.47449866274159,22.067270421288363,Active,TX,43.776505498812845
LOAN_00419,20896.48592031913,6.797717003114475,25.435636231819913,Active,CA,31.037088910812006
LOAN_00420,15337.592407050544,163.15795930209995,39.72406277880377,Closed,FL,76.21296204503246
LOAN_00421,25303.739624409936,6.785512442732711,49.84116028535965,Default,TX,93.61765641665052
LOAN_00422,23776.70421221602,40.626770405004535,38.5561334878566,Active,CA,
LOAN_00423,13755.179257604632,128.45894232970858,31.869419694768457,Active,IL,17.478128487493382
LOAN_00424,19857.854754771775,13.200758508714411,34.99291405423354,Active,FL,87.4743649656566
LOAN_00425,18226.879747925737,9.603255837007548,22.495922660302824,Active,IL,
LOAN_00426,21843.157787661745,8.88225218072028,41.045153263553665,Active,CA,25.283740069028926
LOAN_00427,10175.382697099478,15.840941178233294,43.82333062323409,Active,IL,6.728461292151455
LOAN_00428,18430.257299992198,8.195696106546844,30.479096671669197,Active,CA,26.799726688437797
LOAN_00429,20292.12243424794,40.3453840978455,30.299578522404985,Active,CA,91.22082367815256
LOAN_00430,6206.302567884428,6.929493913985812,37.658782296520485,Closed,IL,63.31786748957723
LOAN_00431,9083.707436671124,26.365137573039107,30.632802639594047,Active,CA,72.10546608978719
LOAN_00432,4803.839111199497,176.38639660399804,34.338673853741774,Active,TX,
LOAN_00433,13652.96582777721,55.45546330030146,,Active,CA,71.93881555748203
LOAN_00434,18587.711278979812,33.652462298596205,32.52974299254004,Active,NY,2.812150627792376
LOAN_00435,22511.78526048014,15.969464992609558,31.41659847978778,Default,CA,37.53213457730138
LOAN_00436,15370.473902098876,34.336674284570705,28.524581943648407,Active,NY,62.67533485423312
LOAN_00437,23143.07772785646,27.462426676386027,42.441919714999365,Active,CA,14.609656554132023
LOAN_00438,8099.492708925543,21.65813483950087,33.18775826781897,Closed,CA,82.30035744469347
LOAN_00439,6483.087803224227,9.202367775810353,28.50626961678574,Active,IL,
LOAN_00440,14722.261505516906,70.30613179436142,48.21304032273012,Default,TX,65.22811128184462
LOAN_00441,16920.327244696535,22.923365893783465,49.19603004513637,Active,TX,40.51971425753297
LOAN_00442,14836.526259529535,11.493325461842407,,Active,FL,59.604359547764716
LOAN_00443,4662.789499800618,18.754555501488056,16.33460048639384,Active,IL,10.745055262890812
LOAN_00444,14554.399802436057,21.03970803860402,45.07513689836922,Active,IL,1.6912799921607324
LOAN_00445,8477.652497475734,57.727332532716,28.15370174239996,Closed,TX,
LOAN_00446,18348.362744150192,44.684309685778345,,Closed,IL,
LOAN_00447,16832.99123048424,48.999749785105756,15.298961822881644,Active,TX,81.96770027804591
LOAN_00448,10300.601068363223,5.332776800646016,43.92597338299309,Active,IL,99.93503004722002
LOAN_00449,12430.665413316532,21.143540793229263,22.888280707192187,Closed,CA,21.143125799891116
LOAN_00450,9703.932390555241,24.69544163114482,42.307641190665244,Default,TX,26.51707411833556
LOAN_00451,14686.60451363414,5.581365183993389,35.142730678364344,Active,TX,
LOAN_00452,19775.71160250619,14.025581120654788,25.460605806033552,Active,NY,
LOAN_00453,10071.369768322282,47.84974045143134,30.929636870732196,Active,IL,91.58143481907439
LOAN_00454,17520.23257758922,9.424031520016678,41.86318456956701,Closed,IL,50.28755200655849
LOAN_00455,12348.711908137797,27.991551357945745,36.05894453115234,Active,TX,79.51102825267246
LOAN_00456,11035.635838688278,12.269862682306814,40.844129804724844,Active,CA,13.574585309990105
LOAN_00457,14464.84820022721,5.3658449074633285,54.764405845154855,Closed,CA,97.74381842040123
LOAN_00458,9823.788387903129,13.28056885550898,,Active,CA,96.43532340359864
LOAN_00459,12231.753473264089,116.73365069428634,51.17212574968624,Active,IL,16.372895787917095
LOAN_00460,9010.610537055758,53.51459473884642,36.04355937523213,Active,NY,29.94231248031066
LOAN_00461,24823.625664581945,101.250426505737,26.01215951676872,Active,TX,10.015499750676693
LOAN_00462,15176.317759858643,25.074368723335038,21.696863742610102,Active,FL,27.17175988981797
LOAN_00463,11501.372460037072,8.487123625855775,33.10879609222967,Active,NY,81.59557894152066
LOAN_00464,16069.89955367111,28.819504310050835,44.2165011192446,Active,FL,37.83156071652595
LOAN_00465,14438.359751545851,23.174828932607856,33.724508796224654,Active,NY,8.839696714675839
LOAN_00466,13895.152002333885,60.805726621994275,50.11154930247348,Closed,CA,34.22255247789045
LOAN_00467,18070.833500217126,8.096969482598714,20.48824309948441,Closed,IL,98.138333424128
LOAN_00468,18787.538550236524,25.097052068895387,34.87911052153945,Active,FL,62.96835952592029
LOAN_00469,12347.494261947362,9.877285511537734,,Active,NY,41.61609464061578
LOAN_00470,12120.908796776599,16.776877850411132,,Active,IL,16.653851349727
LOAN_00471,13624.74151424178,45.10879634074372,43.868873900973,Active,FL,98.61767972836948
LOAN_00472,3490.3941763220755,24.388945798748534,30.792382063189468,Active,TX,82.08490092631287
LOAN_00473,7424.044689007239,19.142776892647777,8.95786143372866,Closed,NY,28.14773024509194
LOAN_00474,21834.371337222623,20.049846204757348,36.98948146796494,Active,TX,7.006869572118946
LOAN_00475,23224.83856750642,23.454864827507695,39.367385517335094,Active,CA,5.662555737755803
LOAN_00476,13754.819802218108,51.11582605683392,39.042947549616976,Active,TX,12.037814950553383
LOAN_00477,17882.784815278832,71.7922554897124,47.35782191822154,Closed,TX,
LOAN_00478,16556.25077271768,98.25674189066899,,Active,NY,
LOAN_00479,30394.40404227619,51.38028891367093,41.802161054504495,Closed,CA,49.674342800598446
LOAN_00480,20597.874557172883,16.367918768121537,46.92507512477975,Active,TX,84.29454824561972
LOAN_00481,14360.412042596166,39.95551804043061,17.214124159934833,Closed,IL,44.588661985980785
LOAN_00482,10222.297796997871,22.266424800946815,,Closed,FL,70.85835457678252
LOAN_00483,6967.768398712137,13.81787120746933,29.958201689923285,Active,TX,73.18727372865008
LOAN_00484,16017.318179336115,60.141311785717356,34.18477326898354,Active,CA,17.396370590333866
LOAN_00485,11218.246273578483,6.175523502312681,38.476764835383364,Active,TX,36.121605897581176
LOAN_00486,7888.731452011629,74.61086279121116,,Active,FL,63.73021565380239
LOAN_00487,11767.135578787367,23.56777804517839,28.24291920838388,Closed,CA,7.069660818436619
LOAN_00488,9592.259981928026,35.41722894003672,35.34152417488025,Closed,NY,36.15401877629566
LOAN_00489,23435.708175362823,37.307337071487865,24.127540611371973,Closed,CA,
LOAN_00490,19408.198784747252,72.64750694177062,24.141748711148146,Closed,NY,99.62244930446387
LOAN_00491,14960.136793416914,35.37328676012814,41.79373282956503,Active,CA,47.45335626224407
LOAN_00492,22399.72069445013,33.55237592332616,23.51205964841344,Active,FL,81.60567571143235
LOAN_00493,15386.841538238092,7.069316023457162,41.66312500909212,Closed,FL,43.206728506661776
LOAN_00494,10693.578993358682,26.919741259676545,39.62591292853951,Active,CA,79.6390722619709
LOAN_00495,22615.620386348288,9.881533212698645,17.741932712094034,Closed,TX,59.54148016201084
LOAN_00496,17694.550218423294,45.11755757428235,28.22435347664345,Active,FL,88.65954415023984
LOAN_00497,9813.769228367717,26.53684196976285,46.94109403047372,Active,NY,41.09425523501099
LOAN_00498,14048.30660958196,39.20439040014525,25.188344688603184,Default,NY,60.43044198214788
LOAN_00499,10621.908733076214,6.27698358249063,30.355957376906122,Active,IL,
LOAN_00500,8086.00134517832,7.658118040054356,39.62060893251896,Default,NY,41.73829418004733
LOAN_00501,19630.887737658206,42.7976113994878,42.83390509282596,Default,IL,14.431204368748151
LOAN_00502,24547.083202350652,7.244432889038791,32.48461113955504,Closed,CA,9.355940691233556
LOAN_00503,8007.162130904294,7.217687806070362,29.024898053083582,Closed,CA,1.66715505996331
LOAN_00504,17814.846183452853,5.365471400293879,49.223698616985075,Active,CA,87.35342642452146
LOAN_00505,11746.787154390866,99.05079458659368,52.388996637975794,Closed,TX,23.647491223869455
LOAN_00506,12564.37308117652,45.12608129046983,44.788580507817954,Active,TX,21.150674928176805
LOAN_00507,12038.030378805654,18.073929072010976,35.85318142565024,Active,IL,73.60354004260655
LOAN_00508,10680.04615160092,15.552139436902964,26.917342783590737,Closed,NY,
LOAN_00509,15242.608139724134,17.909793520006403,26.695555934434346,Active,NY,
LOAN_00510,10845.249417944811,49.703485991949506,40.22514105265758,Active,CA,16.25110652974563
LOAN_00511,16352.284128899195,37.485470528855096,39.18398220888684,Active,FL,95.97457214619692
LOAN_00512,14748.809452754314,11.14421465329999,49.01598592946429,Active,TX,85.15814000172374
LOAN_00513,13805.259765667952,10.738786443650657,41.50450092536139,Closed,TX,86.37896229650033
LOAN_00514,10462.18168979201,8.107384735830184,19.96919698240182,Active,CA,40.67737485720052
LOAN_00515,12116.143347158337,37.39101230100538,45.51947617722919,Default,TX,
LOAN_00516,18776.95612912878,48.36511397671148,,Closed,CA,14.387615538978016
LOAN_00517,17504.585938121905,14.23843848660771,31.160287280476485,Closed,IL,0.8619002591780278
LOAN_00518,10112.223776007246,5.6350225535484535,37.502002062516944,Active,NY,1.9972932578028124
LOAN_00519,15496.661527146129,7.572347223708083,54.95667489783965,Closed,FL,58.660173740456045
LOAN_00520,18756.935616858944,108.12965008512029,66.09918556005361,Active,NY,45.53949052479408
LOAN_00521,6652.973594393141,15.50565695910876,41.06723059136183,Closed,NY,51.801534890851975
LOAN_00522,17716.800961899677,48.989121299120605,33.168033812796125,Active,IL,0.7463140417219405
LOAN_00523,11686.881205270767,34.39797516464114,40.345056484805504,Closed,TX,42.268661965742574
LOAN_00524,17852.993342965798,19.435074674879772,,Default,FL,71.80681612008608
LOAN_00525,11183.704217287415,11.908340568677104,31.793323744428083,Active,TX,44.26937019674359
LOAN_00526,5975.589496677405,8.882302671713035,52.95211355912322,Active,NY,73.22192063122223
LOAN_00527,6862.287810584186,33.636368854384415,37.30070759191402,Closed,CA,23.30189643968348
LOAN_00528,15240.42473330691,49.70085675022753,39.97743089091394,Active,NY,81.31420044817254
LOAN_00529,16298.61250860741,35.976669006911266,,Closed,TX,58.84312404534523
LOAN_00530,10478.416874477956,27.669968830594172,39.21586610614456,Active,NY,21.076309942990623
LOAN_00531,18192.96229388687,6.285697619273272,43.38940500469612,Active,CA,
LOAN_00532,6692.399688655201,108.72234589260661,,Default,IL,62.8030464569537
LOAN_00533,14669.601006763418,53.0908834653308,29.416982460539693,Closed,TX,82.99395932124433
LOAN_00534,8944.919001187716,15.394187859129417,23.998457670283052,Closed,NY,41.56277820291552
LOAN_00535,11740.819460989205,122.31621718151655,39.39501230620226,Active,TX,25.83004291275922
LOAN_00536,15236.99335658207,32.6301741340844,42.78936503512114,Closed,IL,86.70116069106004
LOAN_00537,10697.933173580237,31.19856506134551,39.57772866151886,Active,NY,66.9268291750835
LOAN_00538,13077.222278850873,46.35849884615043,51.744924333475375,Closed,NY,44.80854872830765
LOAN_00539,20031.464046072204,55.1026860153163,34.94403981170954,Closed,TX,48.790019527930184
LOAN_00540,12115.540652384256,37.05517672244149,41.687416555925125,Active,TX,20.42564679363964
LOAN_00541,19178.460560325708,9.112269859411548,24.08299123860686,Active,CA,62.680263006484395
LOAN_00542,9351.46572671191,17.38681676946525,,Active,IL,35.87425105428886
LOAN_00543,17649.020889576415,83.96754519272619,41.95537757565778,Closed,CA,99.56451766743493
LOAN_00544,22207.843103289502,12.631891636128318,43.491021107431436,Active,NY,48.01835152618879
LOAN_00545,2641.777499363554,18.96443328238039,32.060330523358175,Closed,TX,48.58856061896132
LOAN_00546,11015.523722647617,21.97307680156193,34.28400748141933,Active,NY,56.58517874106719
LOAN_00547,17885.3606359027,22.36269622769999,19.821262533191906,Closed,NY,91.67560031187467
LOAN_00548,13984.773069785037,33.475234416566956,31.429707991933906,Closed,FL,80.08180998597503
LOAN_00549,16855.729366856543,90.98106151340588,43.90383163519786,Active,FL,45.113006979784146
LOAN_00550,11980.074066420897,13.260461728225593,40.75205016106566,Active,NY,71.8699265972796
LOAN_00551,15432.9489373645,8.886228140148571,40.0066572138121,Active,TX,58.62354987807616
LOAN_00552,14221.613823039603,11.599599556815942,35.4977368718096,Closed,NY,49.23670487012489
LOAN_00553,20838.910308299037,70.39109243301655,35.07063158628176,Closed,FL,19.231577278435054
LOAN_00554,16272.104216506066,36.137722432286836,28.396788605265527,Active,TX,
LOAN_00555,16688.01331037601,15.102253336370552,41.98828420202535,Closed,NY,24.581858702257463
LOAN_00556,12940.615169387664,55.775935633241616,39.2097294438939,Active,IL,91.48421498516547
LOAN_00557,12561.968879637532,64.27840217599086,39.920188479927994,Active,IL,
LOAN_00558,12837.209060901896,61.22444383943226,29.739651573324196,Default,NY,95.22640145333723
LOAN_00559,16972.260711891486,80.37198629822696,13.466570801287556,Active,TX,53.30552900947112
LOAN_00560,12895.077595898685,13.720237172438463,45.97152711753696,Active,NY,63.15443786761603
LOAN_00561,16448.874284482066,47.200046624691666,30.21162543991596,Active,NY,54.29404444893278
LOAN_00562,25377.003993227194,23.515571235563428,,Active,FL,12.93806169667009
LOAN_00563,19355.623517158463,60.354532612203556,41.934789119139936,Active,IL,
LOAN_00564,13369.882339160795,44.11276405804271,31.079873600808703,Active,FL,9.914611227762393
LOAN_00565,21006.069610819723,49.94326261596778,,Closed,FL,62.29540441833817
LOAN_00566,12959.623134892243,37.02752572052628,41.17005949576698,Active,NY,
LOAN_00567,4809.37732411073,10.859605928718377,41.83569323200477,Active,FL,
LOAN_00568,9959.56844541298,28.625510725766137,21.340442887994655,Active,IL,22.047048099936983
LOAN_00569,5646.040394870721,130.33779785050837,,Active,FL,16.45660584293349
LOAN_00570,13242.432579793456,88.12398164022298,37.61250531233856,Closed,IL,40.63322309637678
LOAN_00571,15092.091895947759,6.324003383527582,,Default,FL,92.65853832183811
LOAN_00572,23382.186561376413,10.403054034522647,36.43388467342251,Active,IL,71.04218150124117
LOAN_00573,16634.636868820813,9.237534204580557,17.237647671016802,Closed,FL,41.89236247929187
LOAN_00574,13904.497355955678,43.83661562181161,39.08652811480671,Active,FL,51.727216975431055
LOAN_00575,19147.027905917446,56.077093420875386,24.706284918179286,Active,TX,8.421301117709834
LOAN_00576,3944.323454960575,12.205310250501586,21.473297141564657,Active,IL,98.4575896376113
LOAN_00577,16178.07279054283,26.14764841518587,19.77640813782109,Active,IL,66.6407304694919
LOAN_00578,18854.325969434834,60.10955211433411,46.12688374989925,Active,IL,28.540406846342247
LOAN_00579,7607.068771100792,44.59290855941529,28.707366063072115,Closed,CA,58.58083942152443
LOAN_00580,20718.770216034645,28.44212434861385,50.33727709916499,Active,FL,10.948236606899398
LOAN_00581,16692.48203747207,31.77339513710097,,Default,IL,96.58366688075836
LOAN_00582,12923.560430495994,26.30028950205218,17.926420424070532,Active,CA,17.478498788336594
LOAN_00583,18163.909330531424,15.595365500048615,23.83475560051341,Active,TX,64.80303180552141
LOAN_00584,26353.46428902198,29.973794224044667,47.35811620006939,Closed,IL,24.545446253893044
LOAN_00585,15909.331275292476,40.02780893290437,33.441018220633325,Active,IL,71.75613826485358
LOAN_00586,16241.10293150168,66.98342225322358,29.517127035093992,Active,CA,
LOAN_00587,12703.195502298779,35.34206464624563,36.60018225852788,Closed,FL,67.34197289114327
LOAN_00588,10750.778152676041,47.95401138756578,40.01782736167545,Default,TX,61.44994602551925
LOAN_00589,19151.679082721228,10.233160114673714,46.17398815902461,Closed,IL,
LOAN_00590,10719.580870455664,23.572235559991277,49.484992298929264,Closed,FL,7.862671098975804
LOAN_00591,15357.831186096962,5.281262964933685,31.40231354210914,Closed,TX,33.09147657801952
LOAN_00592,12611.712766174416,13.497910020736008,,Default,NY,24.828747963084595
LOAN_00593,17394.89912873196,43.889410568338576,30.865348388767238,Active,NY,98.80139620654217
LOAN_00594,16668.31052643474,149.14506322658417,37.60280506582886,Active,TX,38.93897796668735
LOAN_00595,20187.699721289497,8.133431291332784,25.36241073789389,Active,CA,73.26126992403988
LOAN_00596,12449.918005726264,20.399577701642578,,Active,TX,68.47251638810046
LOAN_00597,13650.625323533144,53.29378456705245,38.437878815498856,Closed,TX,21.208123747737773
LOAN_00598,10106.181421088462,11.846025837846913,34.51347648429549,Closed,CA,23.899768021155133
LOAN_00599,12778.533699619442,29.29615737042847,35.327969954115865,Active,CA,28.12845635530341
LOAN_00600,16886.50246522426,44.62321047704407,,Active,FL,41.112727825937924
LOAN_00601,18784.94308322676,33.712245114942974,32.69599285794233,Closed,FL,23.43250656505268
LOAN_00602,10389.173379111873,11.2485620190035,25.757668557316954,Active,CA,1.9651482746847804
LOAN_00603,19348.0296005283,18.17304111568972,43.90198411124787,Closed,NY,87.93930568071954
LOAN_00604,21778.189294024756,50.94540124681963,45.35249334723753,Active,NY,96.5609831380884
LOAN_00605,17067.174516118503,29.238330055885296,16.538121377619063,Active,TX,34.15703870315679
LOAN_00606,24383.979062790328,5.157300075027349,25.7048913980759,Active,IL,33.85068794254729
LOAN_00607,11131.054004482135,47.937592004828716,20.03470744909921,Active,TX,0.7091812774370987
LOAN_00608,8776.726483442915,6.078496319346626,28.49976065593102,Closed,TX,
LOAN_00609,6106.398755478607,46.08120384059132,34.16562030209639,Default,IL,82.54398957486288
LOAN_00610,22480.221557445915,11.787472059556166,20.503547803014698,Closed,CA,14.660830036000316
LOAN_00611,18271.82828177029,100.15510158679358,25.78140186874687,Active,NY,15.966634936715074
LOAN_00612,14722.076645447725,18.7631642386881,24.960426279185015,Active,TX,79.00832499714377
LOAN_00613,16399.8431315991,16.87725032910069,,Closed,IL,61.629074835414464
LOAN_00614,9372.554763508117,9.836348250053568,35.6934433703625,Closed,FL,4.486055762771701
LOAN_00615,27228.759898084132,15.941395590465717,27.782624466627468,Active,TX,62.25469904622817
LOAN_00616,15646.105909876138,67.78206836529917,36.76820872139398,Active,NY,30.891772284376607
LOAN_00617,15546.973973024464,173.26238692127168,29.533199154127345,Closed,CA,36.872515547084596
LOAN_00618,18628.833119493458,18.780673048063402,32.283448896739465,Active,TX,76.97314182968802
LOAN_00619,17405.046158683566,22.859421815311084,51.734520902985366,Active,TX,81.09351926726106
LOAN_00620,16119.420121395657,43.411681137347294,48.40461051790348,Active,IL,
LOAN_00621,11047.62772277344,70.19827038389042,22.004187630724026,Active,FL,94.71529360063548
LOAN_00622,17357.34178567998,31.971530860358502,43.29732417879175,Closed,FL,40.64627179520722
LOAN_00623,24410.12248237517,19.904017983677946,43.11396554491592,Default,CA,77.18360352301099
LOAN_00624,21727.10023077489,20.962593294510118,23.517367112473817,Active,NY,
LOAN_00625,22965.933133196984,40.68416806267533,43.18777643754861,Active,CA,89.7532326522084
LOAN_00626,12443.921617844075,5.0967036005670385,50.37931918412553,Active,TX,90.77612436501786
LOAN_00627,10051.975898707096,33.99511756677756,23.774551937555863,Active,TX,8.741680787108386
LOAN_00628,14371.06539950176,18.178088351892484,25.824971789857365,Active,FL,93.64933313102257
LOAN_00629,15278.624561443474,52.425124643323876,45.17661466843502,Closed,NY,82.55348415204156
LOAN_00630,20470.95759235474,7.928075269695681,,Active,IL,79.13107143126669
LOAN_00631,6537.676851425904,31.616689681335103,40.514762752395235,Active,NY,20.091133968552242
LOAN_00632,22647.751597303068,24.673974856808343,38.40589216400497,Active,TX,80.51192087546649
LOAN_00633,14209.960507105054,35.84395989423934,38.90695920928144,Active,IL,85.01327346850368
LOAN_00634,12865.5946502629,7.011565355320456,21.73527871688917,Active,NY,28.915033445415094
LOAN_00635,9939.478123699162,31.02385901264433,45.47317706621448,Active,NY,95.22600783623237
LOAN_00636,6725.716640671153,29.73080961808642,46.69589992427774,Default,IL,4.986014639916425
LOAN_00637,19115.85291980957,29.674456793020518,,Active,TX,14.990925324713967
LOAN_00638,15366.589835942019,32.75144398122235,34.56523050186138,Active,NY,
LOAN_00639,8550.195501294731,38.85371173471262,19.688924974442777,Closed,IL,57.579247112230966
LOAN_00640,8524.60613968192,54.04097930347979,40.14254756017835,Default,TX,64.51500833009034
LOAN_00641,13321.076503549359,14.43395558378748,40.72057441714144,Active,IL,
LOAN_00642,23345.107626446967,57.29755066433693,34.37808983000689,Closed,IL,96.03667746221302
LOAN_00643,13702.043243181975,25.689938487788286,46.24353359870503,Active,NY,
LOAN_00644,7484.285234409469,7.4056756239010735,31.659227690200595,Active,TX,14.306195272340238
LOAN_00645,13771.284679570279,6.810050782251729,40.646059258936006,Active,NY,1.401451752605698
LOAN_00646,13636.382151261647,17.20470525080765,24.803356613078844,Closed,CA,56.685843329409465
LOAN_00647,1515.5667852921415,51.099145681910244,34.76447849125762,Closed,CA,93.22668839209723
LOAN_00648,14728.525667410939,41.89728152062352,33.25645742097164,Active,TX,66.59471660804643
LOAN_00649,13845.32734895661,51.62221989420793,37.25307922040942,Active,IL,82.26574684804274
LOAN_00650,18481.031824067093,26.848874996455642,31.304730711666416,Closed,NY,1.3281203458580082
LOAN_00651,24244.780474726726,22.405217356937097,33.68527404328332,Active,NY,54.20152984797261
LOAN_00652,20632.825147738786,9.785791526806484,43.26047171441506,Active,TX,45.95629775055219
LOAN_00653,13655.556547225848,16.933514459970958,30.632357627617825,Closed,TX,49.8967944220793
LOAN_00654,9467.370456291648,22.075862516576993,18.934228992613207,Closed,CA,
LOAN_00655,27866.7990162493,7.783216148076852,52.49583904205421,Closed,FL,68.44353610693075
LOAN_00656,15296.092170072441,12.47738665941839,48.814540786904864,Closed,TX,50.322041485863444
LOAN_00657,15069.64645956473,32.35591341376283,22.077373048943812,Active,FL,76.51488498612639
LOAN_00658,14879.374564449983,44.91592720729103,41.897078052451945,Closed,TX,48.52906340617154
LOAN_00659,15990.423803839274,197.1641864190243,29.97025229448657,Closed,IL,14.938163622643208
LOAN_00660,14278.197940380287,86.14266813212947,,Active,IL,
LOAN_00661,12131.689965598818,35.86406929408618,37.94224129013494,Active,CA,17.238636210516624
LOAN_00662,12265.705293798039,21.406439298457933,32.65592199683678,Active,CA,
LOAN_00663,14836.233648920008,35.33266387339563,27.162343344136033,Active,FL,61.311623906924154
LOAN_00664,12282.876144331174,51.20457904229278,28.094589476837406,Closed,TX,15.720388355695425
LOAN_00665,11435.771086614179,8.77833393458102,25.838080845187577,Closed,NY,96.23380574812069
LOAN_00666,15532.151138459485,20.824146535091867,26.681777917695552,Active,CA,51.83654633353206
LOAN_00667,13725.113912895724,59.940395355140915,34.328217099506446,Active,NY,7.289845187165501
LOAN_00668,22519.964942913444,19.527115108547395,27.842400108892484,Default,NY,62.68329044150672
LOAN_00669,1745.1509580349393,30.450010886301353,41.820520657126195,Active,TX,25.31989070128102
LOAN_00670,20457.53425961231,31.58516847595217,49.87246155335927,Active,FL,80.36934518773025
LOAN_00671,21230.425962488145,11.117742138510529,29.19946758629957,Active,TX,81.78220735661907
LOAN_00672,4633.048837959253,18.493582836467915,37.39404500535377,Active,CA,97.89473558546618
LOAN_00673,13286.562029598255,17.21700812265905,39.996851103029336,Active,NY,50.186953102450374
LOAN_00674,13142.795670021043,5.796378656440089,39.72002270919275,Active,TX,45.495687972773716
LOAN_00675,7962.441526410894,5.734675738115909,35.759552679160876,Active,TX,75.34756054464806
LOAN_00676,11110.916562045622,58.459688364174184,42.426824183597226,Active,TX,13.247065634192657
LOAN_00677,9447.120772670856,14.567786192901051,39.82248952680657,Active,CA,54.69155137931242
LOAN_00678,23761.352217118114,26.89923781155562,22.623375776727023,Active,FL,54.624760013085094
LOAN_00679,19678.391965737304,15.64567970239679,43.69156064389273,Closed,TX,8.947312281038721
LOAN_00680,21357.775474970793,89.74388108475569,43.872908372667425,Closed,CA,41.798408550691356
LOAN_00681,18608.360320216176,14.004656546017829,27.367138958214184,Active,NY,85.3284798567202
LOAN_00682,9354.741143913854,21.84551049255771,35.37937835447602,Active,IL,85.61536219946603
LOAN_00683,12377.398668601132,66.84339299346779,41.833289928110695,Closed,CA,9.9237664919681
LOAN_00684,17446.87280613959,60.34219612946385,32.906861804206386,Active,IL,9.072088274783086
LOAN_00685,8889.360955540273,11.17758538071686,45.729780477660114,Active,TX,26.26954770019353
LOAN_00686,18564.99215086194,53.682277317463814,58.638724946193605,Closed,TX,87.47660625539935
LOAN_00687,13798.373009209325,23.385024394473646,27.140139673650175,Closed,CA,12.890258507349895
LOAN_00688,13125.895962252012,24.789565926613776,21.18955396846225,Closed,IL,71.99968026274462
LOAN_00689,18554.79984101746,9.298101706937079,38.03818595604876,Active,TX,10.116561961310321
LOAN_00690,17221.3165574302,7.521069262199701,42.21562505126143,Closed,NY,62.31378537478254
LOAN_00691,13195.1691709046,44.05190304354317,32.69133626155231,Active,FL,35.60672991191448
LOAN_00692,20796.64901682124,25.582832437905502,49.53260663321034,Closed,FL,78.8913962965867
LOAN_00693,9594.683362000513,22.22631512423394,21.613942002767512,Active,TX,23.36904488253636
LOAN_00694,18079.67803472132,44.22540803945114,41.92918623031611,Active,IL,63.920182938995985
LOAN_00695,17965.50628984192,48.51064096902156,28.941391792411068,Closed,TX,23.568253457588494
LOAN_00696,13452.267803430048,10.191632922811984,52.19377906207296,Active,IL,71.36602831121537
LOAN_00697,16630.66511121059,33.26558038750541,,Active,NY,87.36780345607488
LOAN_00698,8744.432118073484,9.363055985836242,27.333434122166523,Default,IL,12.680179912676003
LOAN_00699,19620.135096034504,46.754296634820484,29.5044286409142,Active,TX,86.65956885955035
LOAN_00700,14075.489317785055,37.09682301847832,43.59587886979802,Active,NY,59.35752544142979
LOAN_00701,12386.384897404801,99.12898357880974,31.128693502104852,Active,CA,12.711049086702397
LOAN_00702,20245.046129184448,7.143527225255968,34.54588782067762,Closed,FL,42.7541855359712
LOAN_00703,11478.281547286204,6.762410804745124,35.2538842054241,Closed,TX,16.08602934850979
LOAN_00704,7957.693518182202,14.94638880784592,15.803268438023437,Active,TX,70.03478888665695
LOAN_00705,7216.854132380481,14.102381940691496,34.86162253905763,Closed,TX,
LOAN_00706,18030.0497567282,13.509856888871818,28.10272225935826,Active,NY,10.579652027279895
LOAN_00707,8597.853237518584,76.01517422648928,30.06877177600228,Closed,CA,
LOAN_00708,23773.970909921823,13.6123156569082,49.43632003468814,Active,IL,81.46250560259172
LOAN_00709,4590.352960581389,14.521555269625843,22.434931057207436,Active,CA,93.61630415509966
LOAN_00710,23482.28184145019,47.73836760791483,43.132051867479774,Default,NY,51.351786674177
LOAN_00711,16055.087336013092,22.92092296595171,32.21037069668191,Active,TX,95.02792236114071
LOAN_00712,14516.434440648038,49.97859194775379,32.202398315041656,Active,FL,53.56889704560298
LOAN_00713,12275.40456595525,7.028013162857755,42.90371896051711,Active,TX,39.419049459990795
LOAN_00714,16995.680571760353,25.057804763112102,38.4005129456889,Default,IL,
LOAN_00715,14811.826487875758,6.025745748138495,40.70612997219531,Active,FL,49.2982710458089
LOAN_00716,20516.509410082606,6.941058545318958,44.68184660532861,Active,TX,47.190251056452304
LOAN_00717,15571.138243310199,76.07375354436452,,Active,FL,49.03124894098283
LOAN_00718,15751.508807309388,9.49837397139335,28.877632654922497,Active,CA,84.67850018697453
LOAN_00719,13181.938938930722,27.805588431866298,24.14849473442202,Active,NY,83.19415416880521
LOAN_00720,14715.271881394663,20.884742657556842,26.74589470021045,Closed,TX,40.35199924402112
LOAN_00721,16539.008844460295,17.801121667836096,64.49094425308725,Default,IL,33.3299859870525
LOAN_00722,6449.158036716872,74.0275981102648,47.44679580736786,Active,CA,49.19280240391293
LOAN_00723,8259.072889471434,5.661951480650046,21.489256337919787,Active,TX,57.277250973710906
LOAN_00724,18716.320470113576,37.70055142498069,21.7754204325643,Active,CA,23.833721062799697
LOAN_00725,15854.32719063971,104.22664938405102,39.81866061718492,Active,IL,79.39550847155907
LOAN_00726,14080.083318236604,29.640885808425562,40.47264797377967,Closed,TX,48.648276573242285
LOAN_00727,15092.169665326966,87.85419358757358,40.48883835317365,Active,IL,33.40455484199596
LOAN_00728,16737.908526808355,6.610185148874722,32.45044206446302,Active,FL,10.68209929639906
LOAN_00729,12301.201598453194,21.279465568918884,33.745457399970995,Closed,IL,23.884516040360694
LOAN_00730,11108.476372988436,14.039550396520662,38.27879524159357,Active,FL,94.92811717559837
LOAN_00731,15979.226275488407,44.371356892194214,,Closed,TX,30.50996868195266
LOAN_00732,10108.13611192484,124.37228536525048,12.80699627252465,Active,FL,16.885928936703532
LOAN_00733,17041.26377857236,13.892808427509543,,Closed,TX,46.06727916549932
LOAN_00734,6487.081978810798,36.85463779490095,26.485935657396865,Default,TX,30.70877433602487
LOAN_00735,20145.778186628217,11.62305245402839,36.75211418908512,Closed,NY,3.5159250271194153
LOAN_00736,17362.987412065217,29.99506226443875,64.85259002603411,Default,TX,32.314521727941724
LOAN_00737,16280.148671569379,23.704855045169655,38.67481665474304,Active,FL,54.41086239394686
LOAN_00738,19913.45491972757,112.27223392724346,31.86470313827602,Active,NY,55.17123720199669
LOAN_00739,23327.372222312883,33.135182841132,44.21801501977252,Closed,NY,35.65589211768887
LOAN_00740,20071.85032509065,17.90071330258732,39.826878872092124,Active,TX,44.73027562526006
LOAN_00741,5795.628843341774,8.634393307268605,39.200944904518416,Active,IL,
LOAN_00742,8602.115166321491,9.919605911643089,41.06850593215671,Active,IL,37.73484772303116
LOAN_00743,11875.907111521607,12.65903825422647,55.56543564829541,Active,NY,25.822681325998296
LOAN_00744,15130.455251054169,13.669153566841095,23.691115646740844,Active,TX,24.34670440667601
LOAN_00745,17588.295102345615,62.03706482789331,39.736320768114545,Active,IL,45.776461270413414
LOAN_00746,11371.280934232673,29.712904553503837,25.736188700184616,Closed,TX,75.9520148716944
LOAN_00747,15933.833822385392,27.231759343563304,40.55512646342248,Active,TX,20.59881841884732
LOAN_00748,11223.085338233388,8.657195190238937,25.813134885139057,Active,NY,70.92961271407681
LOAN_00749,11942.410985040258,64.01333492465261,30.826331863949157,Active,NY,2.1149823349416286
LOAN_00750,7966.694515758889,43.49202835621582,32.049100857620935,Active,CA,41.8932977983946
LOAN_00751,10383.833769445479,7.102000781585489,44.75816719344709,Closed,IL,77.58650652027869
LOAN_00752,8241.576971918332,41.913107018073624,44.18454443942414,Active,IL,
LOAN_00753,10120.633735113337,28.527509018521517,22.542826235536154,Active,IL,56.37371014453995
LOAN_00754,20268.2089830392,7.557762364090048,35.54934110999849,Closed,FL,20.49792328259108
LOAN_00755,10253.005555840286,23.391323618201074,27.904201452508275,Active,TX,
LOAN_00756,28161.910324186952,24.88996455244805,22.414950893246655,Active,NY,5.227910326875962
LOAN_00757,17466.589504404445,10.437547328654492,32.82982949575629,Active,IL,85.25426448755003
LOAN_00758,15924.18061847437,92.39590782198488,31.915172115441802,Default,CA,
LOAN_00759,10708.211099093933,61.908674247040544,,Active,IL,87.43980317083307
LOAN_00760,18501.549397044957,38.17113170780654,39.32959825360696,Active,TX,35.25292413005173
LOAN_00761,12121.81086881113,23.61338719006657,21.22382499245763,Active,TX,72.26835744744866
LOAN_00762,15610.049073226808,20.918890152705323,29.352259958290578,Active,NY,31.922529778618845
LOAN_00763,27800.42269134397,36.57822002942176,45.213832954293984,Active,FL,90.59116712346476
LOAN_00764,14519.70050137675,28.652224229113774,55.88442772869925,Active,NY,
LOAN_00765,20746.36663142838,6.928895900813797,,Active,IL,17.85197892725987
LOAN_00766,11484.117874370564,26.55411265802106,16.20075614860955,Default,CA,49.303012515880226
LOAN_00767,14825.05754751519,54.25939365104397,53.70965175371782,Closed,NY,8.193843903814614
LOAN_00768,23854.00317817755,23.4433848539669,,Active,FL,19.598018470176193
LOAN_00769,11865.164711061163,6.60064920525348,26.317072681236336,Closed,NY,94.37663822120143
LOAN_00770,24062.242789984644,51.292403204337106,40.346290861224354,Active,TX,97.64896611478872
LOAN_00771,18538.759677277376,11.745492010576221,8.642522609831222,Active,IL,37.62593293304219
LOAN_00772,12187.666120528662,13.977292722451107,35.03375506597161,Closed,IL,92.32860210139357
LOAN_00773,18162.038695277606,10.39915830252205,38.278211728430854,Closed,IL,54.48246756734317
LOAN_00774,19862.77224813365,17.02395831415143,44.2427013953783,Closed,IL,26.974246587376705
LOAN_00775,18109.04981108598,47.41015243449549,24.861040477074624,Active,IL,70.23987210805987
LOAN_00776,7148.876400547718,26.980716005721288,35.856871614033594,Default,IL,65.89018065748571
LOAN_00777,11364.314120875657,11.877915043612653,25.745753739404126,Active,CA,98.91253191087334
LOAN_00778,13762.406822242476,68.07027203796463,37.55383755674317,Closed,FL,26.50472874092833
LOAN_00779,14627.83285449977,68.50355153239502,26.04653677636976,Default,IL,67.20595026617355
LOAN_00780,18103.36048775339,66.3404054030731,30.918991608397793,Active,FL,
LOAN_00781,15888.505004666269,13.185624992207623,,Closed,IL,11.36460386967194
LOAN_00782,8323.278206449493,23.00278689296879,41.51136241823657,Active,NY,0.3918374951093262
LOAN_00783,16900.989255029817,130.97047174789853,43.58451116656666,Active,IL,99.94606810596731
LOAN_00784,18052.928726419115,49.35393116548336,32.653794300425865,Active,TX,80.22736971474778
LOAN_00785,17798.9522396552,5.8262983591064454,35.382379949600285,Active,CA,78.67230147335408
LOAN_00786,20403.90362777311,7.022827634573315,20.51408585366456,Default,NY,50.97260752881797
LOAN_00787,19169.61077274452,23.704792933131888,32.00323351993213,Closed,NY,30.006708290543994
LOAN_00788,17295.900396142184,76.97955648961043,34.49795382958255,Active,TX,15.126428446267592
LOAN_00789,14649.171442706765,28.211317580117615,61.20793091029975,Closed,IL,28.467473884646367
LOAN_00790,6695.195332420042,25.663452171466762,23.880329742258365,Default,CA,
LOAN_00791,17148.09109566293,8.343829235498132,49.64177238752438,Active,NY,75.6310096980294
LOAN_00792,16038.438435815555,37.08151829392887,44.96858773465808,Default,CA,53.96617889031524
LOAN_00793,16357.894185976867,56.796543518905985,37.806364044901365,Active,NY,7.748362655548268
LOAN_00794,8616.257120898452,19.361403859015525,52.586204841951336,Closed,IL,1.802900895891224
LOAN_00795,9594.717297958689,49.83133755015115,38.72105472606863,Active,NY,10.233217953406315
LOAN_00796,20265.76426666452,105.12695486156294,38.891591956679285,Active,NY,41.049871369737936
LOAN_00797,14802.224230716725,11.835882293402392,,Active,FL,93.31929170490183
LOAN_00798,18407.503486863123,27.227902331064072,47.235688824186276,Closed,IL,63.74024812092216
LOAN_00799,15141.591880652306,15.154021006671616,45.96469233810883,Active,TX,80.18258998755151
LOAN_00800,15148.780697478725,52.230003296524224,28.743227125037876,Active,TX,46.637459450454855
LOAN_00801,19691.419029879988,30.853605228189345,21.807528054012327,Active,IL,36.16660831950428
LOAN_00802,12419.77635891313,35.20143553499828,,Default,TX,10.840037271662272
LOAN_00803,15480.603884704917,52.97188158353199,26.999614356023535,Active,IL,87.5933022186205
LOAN_00804,12688.623556474788,20.12396587765341,34.36475425384645,Active,TX,78.31600290279029
LOAN_00805,12827.518862838422,78.98492637838896,47.37438134684139,Active,FL,16.811809759772512
LOAN_00806,13454.139382656804,27.844635123661437,30.426983449132102,Active,TX,51.22605638762605
LOAN_00807,16110.668858168565,10.157648347679551,,Closed,NY,48.73748079212449
LOAN_00808,12606.256891682613,40.71187353489164,35.58022734808395,Closed,IL,
LOAN_00809,21278.780627867603,52.28899537771864,43.484308822052846,Active,CA,94.61868939912613
LOAN_00810,10526.96348890248,16.42734634387131,12.531106660153949,Active,CA,
LOAN_00811,14065.641779193205,63.38494941540087,28.932997052347034,Closed,IL,54.02172667786186
LOAN_00812,12801.344708629125,75.979569380935,37.11283692279473,Active,FL,5.032293293466394
LOAN_00813,22234.889421768665,14.726418787113932,47.000789564268615,Closed,TX,6.290747601802393
LOAN_00814,15982.773882557873,128.17091366845216,30.080975524937948,Closed,FL,18.734679132678888
LOAN_00815,20159.222697343175,9.549517711415167,16.23447293958126,Closed,CA,3.247077169174828
LOAN_00816,7572.19813481514,11.769989489440274,41.197114459661364,Active,IL,74.33528955700123
LOAN_00817,16335.251329346294,11.108495008027152,28.646376111743706,Active,IL,72.3330303993963
LOAN_00818,19448.153978117185,72.32657342552397,23.103333409096386,Default,FL,
LOAN_00819,15411.41994637712,36.8648716560411,28.75654610286776,Active,FL,83.60789007952809
LOAN_00820,20327.401875326756,9.949928787509114,33.1547464234415,Closed,TX,15.478603484611197
LOAN_00821,12413.557749498139,22.41188584669616,28.952553354617873,Active,NY,30.11755869973588
LOAN_00822,22046.7372009279,33.658590066438855,12.944339429009307,Closed,NY,24.8976899161365
LOAN_00823,26494.49061809625,7.61462076000972,43.970661968871326,Active,TX,37.23070985730478
LOAN_00824,13185.807197801705,69.2181632102682,47.748750412787224,Active,NY,25.466376588996187
LOAN_00825,12772.487392996141,53.82859653360824,41.51521991339506,Active,CA,48.8950926438452
LOAN_00826,22266.922385588507,26.108459842455083,23.623143295751834,Closed,NY,40.74078813546854
LOAN_00827,22897.860728653563,107.45275769150264,,Closed,TX,98.65694907793265
LOAN_00828,12385.699864233658,21.226226810881844,34.93478684770542,Active,NY,5.592635012822567
LOAN_00829,12899.065914520714,129.2625612935352,40.987943895619104,Active,IL,14.218137638735161
LOAN_00830,13591.076955697465,38.07138114904067,,Closed,FL,5.282589390860249
LOAN_00831,8277.747444828616,35.20873128480562,27.65826201221504,Active,CA,62.58411949823758
LOAN_00832,10406.740267579009,10.444033871199043,35.819955564135604,Active,IL,
LOAN_00833,9979.296166239661,69.09375872264167,39.57280404615241,Active,IL,83.64397373761233
LOAN_00834,11161.012174479358,21.73173594050676,49.558223221467664,Active,TX,51.19386306819278
LOAN_00835,14826.575563066093,10.310472334480533,42.04506539824723,Active,FL,52.70076245815337
LOAN_00836,16171.073662682604,5.380630073688069,42.89056687375519,Active,FL,56.15945077121942
LOAN_00837,22752.502464070385,29.61276325141627,35.838266279293606,Active,CA,17.081370630621073
LOAN_00838,10008.229796306045,27.485153439755095,49.10459145203504,Active,TX,19.769030311448756
LOAN_00839,19921.611992382917,43.11979534241282,39.09762795959497,Active,CA,31.88173228730047
LOAN_00840,13930.055778872455,71.28870817206284,26.389120898264295,Active,NY,59.34964158218514
LOAN_00841,14752.681451737835,7.482104005416485,49.033699701251905,Active,IL,21.011777594021453
LOAN_00842,18374.097460833018,44.44673881281778,41.979032725390276,Closed,CA,11.633172713326124
LOAN_00843,9386.389892188507,11.225929824658074,30.569559788715175,Active,IL,97.01168864184322
LOAN_00844,16912.048730920254,63.595275577056746,30.205070326007565,Active,TX,
LOAN_00845,15832.26104106528,56.288276438330136,37.96575545140762,Active,NY,80.26974053360216
LOAN_00846,17462.256320040746,28.347675028973015,,Active,TX,
LOAN_00847,16445.843219539092,42.16135829936188,,Active,NY,29.7214113845096
LOAN_00848,27276.50069955447,16.321644518341895,,Active,NY,13.56266160073134
LOAN_00849,11811.300078743421,24.11252860368385,51.999573745763804,Closed,IL,14.562864670542341
LOAN_00850,12345.015224990912,56.71801717876888,45.71543152234886,Active,TX,69.74316172371925
LOAN_00851,11884.297367876177,23.444789552722476,36.90635591265024,Default,TX,64.28065910861737
LOAN_00852,12222.614404198726,18.285583885596687,44.41310580767483,Active,CA,78.27456742513867
LOAN_00853,11813.064363467412,25.449156622545928,24.674760964724605,Active,TX,93.74811723991047
LOAN_00854,20945.082655537757,57.851329858022716,38.979270499468086,Active,CA,69.1927363266592
LOAN_00855,22102.521239949274,17.24843421393001,53.0930634973311,Active,FL,15.585153655144346
LOAN_00856,12146.26853125262,10.726157568238868,,Active,FL,24.344261676541066
LOAN_00857,10838.222134478856,42.34530445205851,26.52366071380915,Closed,FL,
LOAN_00858,17357.07778193202,57.45724319854694,28.479111114069394,Active,TX,20.93060758342086
LOAN_00859,12238.884778595144,8.182072282942652,24.103669626576117,Default,TX,7.252231695448142
LOAN_00860,18164.659088777553,13.22813654924406,,Closed,CA,70.32800540422505
LOAN_00861,16014.615104256498,9.593556021825055,31.29491901409971,Active,NY,40.2526355490142
LOAN_00862,7421.27942501384,17.828625846681685,,Active,CA,
LOAN_00863,22737.526006650307,22.954260437606365,35.15618333949603,Active,FL,
LOAN_00864,23979.388365477607,46.44832083451468,44.02277173786647,Active,CA,9.041897779166074
LOAN_00865,11936.05654757807,36.593189766065045,25.9224381985308,Active,NY,94.78565672536607
LOAN_00866,13061.492200320079,34.10091846046793,50.19283923641769,Active,TX,25.85572636402459
LOAN_00867,16429.326953624524,18.03330114220913,40.107920885275945,Active,CA,33.72124904062858
LOAN_00868,16672.283949935125,60.25009535102925,45.305805856240575,Active,FL,40.2260413683542
LOAN_00869,18292.72136336415,24.119295321317782,28.42165446147863,Default,FL,5.122429640431325
LOAN_00870,25051.02269383175,121.04727249784673,43.545252270666154,Closed,TX,49.65154222306049
LOAN_00871,14115.263862529753,35.16531131029318,24.08066099604687,Default,CA,
LOAN_00872,11008.513777307731,9.049335715430757,43.90247500836509,Active,NY,40.097032668835176
LOAN_00873,8103.403859927364,38.826798335322664,36.718393397935316,Active,TX,35.07097879920843
LOAN_00874,11345.349800290405,16.795900907588305,40.53251219984784,Active,CA,77.28400834265034
LOAN_00875,14834.365135631015,39.78214592074659,23.24405394375148,Active,IL,80.3170511632731
LOAN_00876,23972.78931758894,7.165547152086329,26.049301577233955,Active,FL,15.3412882389088
LOAN_00877,12411.943504819143,10.766845713773645,40.972282182533846,Closed,NY,36.65511873792262
LOAN_00878,16118.939758194492,63.08357153054391,25.516519957757993,Closed,NY,37.33531610318317
LOAN_00879,14917.88551963624,12.731256299203547,39.63206292099123,Active,NY,15.141044393608505
LOAN_00880,20941.96636724042,59.42772236338496,21.328621935397543,Active,FL,
LOAN_00881,27634.66212936811,14.82497418136242,43.48174212666668,Active,CA,70.72283283354233
LOAN_00882,12345.656135398396,35.89066303250705,22.67476685231491,Active,TX,19.038178629703474
LOAN_00883,12552.80278740889,40.53987105288916,40.522999376795234,Active,CA,36.6721908593799
LOAN_00884,20220.80438534536,26.563474438656485,41.256309336460006,Active,TX,10.580502485651422
LOAN_00885,18409.457448131558,15.928716505669463,28.032281815704252,Active,NY,62.820659709304394
LOAN_00886,24233.536628680165,12.172257804940575,40.82026567084727,Default,CA,12.137192454861967
LOAN_00887,17919.64092662982,6.012578576316821,37.60442263333556,Active,NY,98.59341686249178
LOAN_00888,13203.539546064701,15.869858357036279,29.61158143807262,Closed,IL,78.06820746878623
LOAN_00889,17953.274153461545,36.7669923827666,24.91445315923792,Active,NY,39.023854958399504
LOAN_00890,20543.517902914537,88.56648337728122,15.37374308327421,Active,NY,57.85639322793544
LOAN_00891,19102.41090598682,66.48587798289198,38.496500472996935,Active,TX,91.13418162164088
LOAN_00892,17536.37015553649,48.58133074242134,19.35197228637945,Active,IL,
LOAN_00893,20333.37344794577,51.59844030241104,35.95344199441308,Active,NY,
LOAN_00894,20846.477952228364,37.80739051765019,32.36551783917751,Closed,NY,37.87033555811593
LOAN_00895,21910.794955187637,14.044784398918106,41.79142775438196,Closed,IL,
LOAN_00896,18243.54943794821,76.31765276585271,31.979545005101357,Active,IL,64.42130159896179
LOAN_00897,14164.409598415728,38.326526522602066,31.705522136529087,Active,CA,65.07243843338003
LOAN_00898,15733.568432166614,29.659474636591412,42.318707042882956,Default,TX,86.68214856884892
LOAN_00899,21032.544832541782,8.52938593652794,38.35058029084117,Active,IL,89.39730574625047
LOAN_00900,10915.32164506382,22.774931701518113,38.16155957182778,Active,IL,91.97925717794362
LOAN_00901,16843.366544364508,23.505494744089866,39.69267589808526,Active,FL,9.48491932531561
LOAN_00902,13033.305938363197,64.97759575570893,19.64427876792894,Closed,IL,54.41260019631009
LOAN_00903,15143.724114674087,28.73260696957293,42.56788679986982,Default,TX,74.05095212183186
LOAN_00904,21392.259313036495,19.360461693427354,41.12468794013602,Active,NY,75.69268451270138
LOAN_00905,15955.495340099516,117.90851481057017,24.83316871423503,Closed,NY,60.67162019700039
LOAN_00906,15232.182740780743,8.520313988802755,32.55919526325799,Closed,NY,16.678733518367416
LOAN_00907,8200.719295100404,21.47392095954005,34.606927123723686,Active,NY,79.74205539416643
LOAN_00908,18731.267830136105,6.2879977492064425,33.655032155982674,Active,FL,
LOAN_00909,18227.420905705378,45.401148489894375,38.338599665685344,Active,IL,8.613577154903629
LOAN_00910,25816.2736165273,80.05910093491633,49.313667818311835,Default,NY,46.380982467437626
LOAN_00911,13461.108825234996,14.85667744742058,45.81766727672829,Active,CA,
LOAN_00912,16095.751638319694,63.63011886538489,,Closed,NY,33.74770457129719
LOAN_00913,16246.918418553776,15.368584037548981,41.220699903060485,Active,IL,1.8081092205685434
LOAN_00914,22887.266398817374,77.49619353841912,48.2893331953541,Closed,NY,40.032986841075825
LOAN_00915,14523.522338065239,47.068066748365084,38.868085206892026,Active,FL,54.987692115621044
LOAN_00916,16395.107628851696,54.02833301529316,45.90980425185967,Active,TX,61.95825928270868
LOAN_00917,18039.482548582695,5.545119392424934,,Closed,TX,66.34903451287101
LOAN_00918,15933.04561578179,103.75174917309191,45.23709546106981,Closed,IL,83.629131310246
LOAN_00919,12767.831927247358,43.91237156494049,37.49308595641729,Closed,TX,21.546290727573002
LOAN_00920,15970.449964491538,15.904560841931689,45.450884740847535,Active,TX,
LOAN_00921,20368.158749298862,58.052071148147235,36.44887833096891,Closed,CA,
LOAN_00922,9867.423502944699,14.918572328219573,35.23903043284955,Active,IL,15.661281489264988
LOAN_00923,15664.84837073438,66.84895392243249,31.485857642862676,Active,IL,97.47600813361953
LOAN_00924,11499.395925304134,8.583120274432826,50.63413358832108,Active,TX,84.2538229398637
LOAN_00925,20975.233144624213,41.4900650013256,26.815713340579986,Active,TX,50.08766058895991
LOAN_00926,7384.065476081127,28.34145112901766,,Active,TX,98.14214249220252
LOAN_00927,12205.390763642059,8.045519645795286,39.99864123740372,Default,FL,9.737672910800422
LOAN_00928,16886.059375322606,13.307955046649042,21.006938251980586,Active,NY,30.306576117510165
LOAN_00929,22827.620146171703,5.374448254250841,38.67649292991422,Closed,FL,63.822441504061146
LOAN_00930,14671.248694635062,23.976691299808458,13.99973492348376,Active,IL,35.00068684731787
LOAN_00931,12224.002366534009,15.754522845115833,41.25508016831036,Active,CA,92.83725519807918
LOAN_00932,24405.785347202953,32.365785512467156,43.852314829889906,Active,NY,6.562608817781756
LOAN_00933,7759.93049791878,15.5821015983571,29.076440443479463,Default,CA,54.941183206096454
LOAN_00934,4005.97021689959,15.696781868740223,36.235476959555825,Closed,IL,59.08662673951145
LOAN_00935,17200.07225026666,45.782936684810785,,Default,IL,
LOAN_00936,12489.728878236943,6.480208797198661,29.942532957380635,Default,CA,25.566622333181442
LOAN_00937,9893.835914346433,74.95887086573536,24.410924129433994,Active,CA,36.45664275198644
LOAN_00938,18541.782236496765,62.36982594842229,49.816634024625984,Active,CA,84.36805296649777
LOAN_00939,16219.003568855995,38.06096538540236,54.625871905307946,Closed,IL,19.494276897015983
LOAN_00940,12179.606846316357,31.984599202290205,35.03695671847847,Active,TX,82.68678471733621
LOAN_00941,8598.478006645528,71.85286671329168,45.11463035408356,Active,CA,56.26554229027424
LOAN_00942,19362.286641400722,11.149171282519664,,Active,NY,76.21875111940821
LOAN_00943,18251.005889793305,7.467852809723072,27.575157674616158,Active,IL,71.36073662634715
LOAN_00944,14504.120681103086,13.213776201029567,,Active,FL,20.7511495384879
LOAN_00945,24233.18498023833,52.480707075882016,47.30874513154735,Active,FL,56.88127364338729
LOAN_00946,9649.576168369236,6.058566304859795,51.85014278708509,Active,NY,86.77231528050923
LOAN_00947,7372.374145376306,31.226178176587013,40.62880860174355,Active,TX,43.211623680192936
LOAN_00948,11540.459650593777,166.69664326580252,26.201856464979457,Active,CA,96.65907702233167
LOAN_00949,14772.06991822251,63.07501231507307,54.87061111699441,Active,IL,45.221510010171805
LOAN_00950,16216.69724661346,27.109567160264533,29.690291021880356,Closed,CA,14.278563666788468
LOAN_00951,13793.819710718351,6.972686964575946,31.648622188285483,Active,IL,38.94346800776732
LOAN_00952,16760.276982571486,58.40207462980218,38.423378344896214,Active,FL,95.17024063905372
LOAN_00953,8742.30287904778,32.412207726311166,50.54160420714774,Closed,CA,31.97208493398542
LOAN_00954,22218.823020366297,8.662757819084518,43.539759765522234,Active,NY,86.80981598670628
LOAN_00955,14589.244108037155,7.956753892233845,39.148655003619105,Active,TX,88.12506816818897
LOAN_00956,20586.479157940637,77.11423192353017,39.63288530118106,Closed,NY,35.01865243319611
LOAN_00957,16713.626731888522,38.187263320641534,,Active,TX,8.325765805063213
LOAN_00958,17283.76609576892,58.03310958567214,40.58139514518506,Closed,CA,72.45579091588182
LOAN_00959,17848.83640116102,68.35371112264824,9.70439922305697,Closed,CA,31.1512299013986
LOAN_00960,17238.542800086576,30.443010111947604,32.033925409302014,Closed,TX,78.29236142575724
LOAN_00961,18213.61379933772,26.859895289347364,37.41321934916781,Active,FL,44.26548482604331
LOAN_00962,21645.762650662156,21.88607126283723,,Active,IL,48.52667423426216
LOAN_00963,15982.60584850735,16.435466603401494,,Active,NY,77.79094067485369
LOAN_00964,18545.01878794256,22.106440696494015,32.95528779013878,Active,NY,38.23633310616279
LOAN_00965,14551.321528563867,49.60063774000178,52.5547569831549,Active,NY,44.31273453229145
LOAN_00966,22200.586077247364,32.6333272345133,50.730197252148564,Active,CA,
LOAN_00967,11618.038489703651,71.91443316888008,30.34194430881837,Active,NY,36.734051527728
LOAN_00968,24004.70216455408,22.57617571765832,33.49162288433305,Active,IL,52.594657690145944
LOAN_00969,14799.210246778282,33.025208862958664,34.260524343916074,Active,IL,
LOAN_00970,7846.124489409759,34.9337737907278,30.483405238403773,Active,TX,
LOAN_00971,15640.522074553946,31.87238391978539,36.950249840281266,Closed,CA,52.42547205377367
LOAN_00972,11594.741712625597,41.383724376589335,27.417179311124098,Active,IL,67.07273254426008
LOAN_00973,19203.21774494362,13.131965591498382,23.693846650624735,Active,FL,26.9439446303655
LOAN_00974,11736.880103488045,26.545567907072417,41.227112239002686,Default,CA,27.752280490239258
LOAN_00975,12769.082833926102,8.301973804349924,41.29529584221811,Active,CA,93.34131270234548
LOAN_00976,5552.296345272345,19.56016212497179,26.956842403400074,Active,IL,72.35345733310886
LOAN_00977,12738.468403754616,25.063418260062598,43.95355430762599,Active,FL,57.71866762233089
LOAN_00978,2880.6033668552172,36.685922927578645,28.684222708346688,Closed,TX,64.7720054420612
LOAN_00979,7080.485882571384,95.19230393695828,37.53165238037981,Active,IL,2.9299443103418366
LOAN_00980,18802.073280721488,32.53759172999301,43.20344012612456,Active,FL,61.81029655616969
LOAN_00981,18929.000793254163,45.82978479069776,34.66387435296287,Active,CA,50.95088732242019
LOAN_00982,17127.287808924822,26.17275466567032,39.54740912141134,Closed,FL,54.574967977943565
LOAN_00983,10165.119284353936,35.16218674152205,29.835703561124284,Active,CA,35.94238268308171
LOAN_00984,14761.4432192901,7.207207354883901,33.03533416571903,Active,IL,8.14738977129419
LOAN_00985,14981.987304547158,13.806641716554173,32.94140569119659,Closed,IL,19.33392336120522
LOAN_00986,9208.176554037287,18.475602821284717,,Active,NY,95.07447132126717
LOAN_00987,22516.991508835752,24.187814497016262,,Closed,NY,40.8699562270934
LOAN_00988,19386.811452878355,6.401704520070236,19.513817011362534,Active,NY,46.66831558308642
LOAN_00989,13895.17913085168,9.525527316139916,30.08846252857895,Closed,IL,5.270978985343899
LOAN_00990,15134.429194972654,14.722677623100235,32.15124506630329,Active,TX,3.756622954398059
LOAN_00991,16041.914039737763,111.76996697694773,32.4382024750462,Closed,IL,71.71814470467577
LOAN_00992,4791.325657878548,17.074701459323357,32.58502554129221,Default,FL,53.80946641211113
LOAN_00993,13764.113087397016,24.73577907886253,34.382358001398714,Active,IL,50.87059842162667
LOAN_00994,11590.078760011007,11.54832651336929,,Active,IL,24.312453042266867
LOAN_00995,9991.899950525421,33.30832175419748,,Active,CA,74.47507316299222
LOAN_00996,13594.498535570227,14.883602837342362,28.50234773151733,Active,CA,16.82365791084919
LOAN_00997,23988.432634247612,11.957680956477505,22.967991446108556,Active,CA,18.993474366102003
LOAN_00998,18204.21430633505,26.805625679732618,24.57955587756897,Active,IL,46.07121713482755
LOAN_00999,12144.105051086015,5.1656303581192935,30.127970788050728,Active,TX,28.62798621119409
LOAN_01000,17862.913906780792,5.230806568112009,31.480786821834908,Active,FL,24.746298123314638
